# compound id (and file prefix), SMILES, iupac name (or alternative if IUPAC is unavailable or not parseable by OEChem), experimental value (kcal/mol), experimental uncertainty (kcal/mol), Mobley group calculated value (GAFF) (kcal/mol), calculated uncertainty (kcal/mol),dG (TF),std (TF),diff (TF vs exp),diff (GAFF vs exp),dG (Brooks),diff (Brooks vs TF),,,,,,,RMSE(Brooks vs TF),RMSE (TF vs exp)
mobley_3034976, CC(=O)O, acetic acid,-6.69,0.6,-7.28,0.02,-4.75,0.2,1.94,0.59,-9.46,4.71,,,Deviation to Brooks > 2 kcal/mol,,,,22.18,3.76
mobley_1396156, c1(c(c(c(c(c1Cl)Cl)Cl)Cl)Cl)N(=O)=O, pentachloronitrobenzene,-5.22,0.25,-1.28,0.04,-5.4,0.08,0.18,3.94,-9.563333,4.163333,,XXX,Either TF or Brooks is closer to result,,,,17.33,0.03
mobley_1735893, CCCCCC(=O)O, hexanoic acid,-6.21,0.6,-7.88,0.03,-4.48,0.24,1.73,1.67,-8.436667,3.956667,,XXX,PERT Reference calculation (Stefan),,,,15.66,2.99
mobley_1034539, c1cc(c(cc1c2cc(c(c(c2Cl)Cl)Cl)Cl)Cl)Cl," 1,2,3,4-tetrachloro-5-(3,4-dichlorophenyl)benzene",-3.04,0.1,-1.08,0.04,-3.01,0.13,0.03,1.96,-6.823333,3.813333,,,,,,,14.54,0.00
mobley_5200358, CC(C)(/C=N\OC(=O)NC)SC, aldicarb,-9.84,0.1,-9.68,0.05,-10.32,1.51,0.48,0.16,-14.093333,3.773333,,,,,,,14.24,0.23
mobley_3274817, CC[C@@H](C)c1cc(cc(c1O)[N+](=O)[O-])[N+](=O)[O-]," 2-[(1R)-1-methylpropyl]-4,6-dinitro-phenolate",-6.23,1.93,-5.38,0.04,-7.83,0.08,1.60,0.85,-11.13,3.3,,,,,,,10.89,2.56
mobley_6522117, CCOP(=O)(OCC)O/C(=C/Cl)/c1ccc(cc1Cl)Cl," 2-chloro-1-(2,4-dichlorophenyl)ethenyl diethyl phosphate",-7.07,1.37,-9.03,0.05,-6.63,0.1,0.44,1.96,-9.9,3.27,,,,,,,10.69,0.19
mobley_3201701, Cc1c(nc(nc1OC(=O)N(C)C)N(C)C)C, pirimor,-9.41,1.93,-13.87,0.04,-11.44,0.16,2.03,4.46,-14.303333,2.863333,,,,,,,8.20,4.12
mobley_4936555, Cc1cccc(c1C)Nc2ccccc2C(=O)O," 2-(2,3-dimethylphenyl)aminobenzoic acid",-6.78,0.1,-7.67,0.04,-5.85,0.11,0.93,0.89,-8.673333,2.823333,,,,,,,7.97,0.86
mobley_6338073, CCNc1nc(nc(n1)SC)NC(C)(C)C, terbutryn,-6.68,0.42,-9.27,0.04,-2.44,0.11,4.24,2.59,-5.173333,2.733333,,,,,,,7.47,17.98
mobley_1896013, C1[C@H]([C@@H]([C@H]([C@H](O1)O)O)O)O," (2S,3R,4S,5R)-oxane-2,3,4,5-tetrol",-20.52,0.27,-14.15,0.08,-14.52,0.19,6.00,6.37,-17.133333,2.613333,,,,,,,6.83,36.00
mobley_5006685, CC(=C)[C@H]1CCC(=CC1)C=O, 4-(1-Methylethenyl)-1-cyclohexene-1-carboxaldehyde,-4.09,0.17,-3.59,0.03,-3.25,0.02,0.84,0.50,-5.82,2.57,,,,,,,6.60,0.71
mobley_5063386, c1ccc(c(c1)[N+](=O)[O-])O, 2-nitrophenol,-4.58,0.6,-5.67,0.06,-5.91,0.08,1.33,1.09,-8.363333,2.453333,,,,,,,6.02,1.77
mobley_5076071, CCN(CC)c1c(cc(c(c1[N+](=O)[O-])N)C(F)(F)F)[N+](=O)[O-]," 1-N,1-N-diethyl-2,6-dinitro-4-(trifluoromethyl)benzene-1,3-diamine",-5.66,1.93,-7.5,0.04,-8.9,0.18,3.24,1.84,-11.343333,2.443333,,,,,,,5.97,10.50
mobley_3105103, Cc1c(c(=O)n(c(=O)[nH]1)C(C)(C)C)Cl, terbacil,-11.14,1.93,-13.77,0.04,-9.78,0.27,1.36,2.63,-12.153333,2.373333,,,,,,,5.63,1.85
mobley_2023925, [C@@H](C(F)(F)F)(OC(F)F)Cl," 2-chloro-2-(difluoromethoxy)-1,1,1-trifluoro-ethane",0.1,0.6,-1.16,0.03,-2.66,0.16,2.76,1.26,-4.823333,2.163333,,,,,,,4.68,7.62
mobley_1328936, COC(=O)c1ccc(cc1)[N+](=O)[O-], methyl 4-nitrobenzoate,-6.88,0.6,-6.59,0.03,-6.29,0.07,0.59,0.29,-8.383333,2.093333,,,,,,,4.38,0.35
mobley_2523689, c1ccc(cc1)n2c(=O)c(c(cn2)N)Cl, 5-Amino-4-chloro-2-phenylpyridazin-3(2H)-one,-16.43,1.93,-16.04,0.04,-15.14,0.13,1.29,0.39,-17.213333,2.073333,,,,,,,4.30,1.66
mobley_8207196, CCNc1nc(nc(n1)Cl)NCC, simazine,-10.22,0.1,-10.91,0.04,-0.31,0.07,9.91,0.69,-2.256667,1.946667,,,,,,,3.79,98.21
mobley_9201263, COS(=O)(=O)C, methyl methanesulfonate,-4.87,0.6,-8.82,0.03,-7.43,0.07,2.56,3.95,-9.37,1.94,,,,,,,3.76,6.55
mobley_1036761, C1CCC(CC1)N, cyclohexanamine,-4.59,0.6,-3.95,0.03,-3.57,0.08,1.02,0.64,-1.646667,1.923333,,,,,,,3.70,1.04
mobley_3047364, CCNc1nc(nc(n1)SC)NC(C)C," 2-N-ethyl-6-(methylsulfanyl)-4-N-(propan-2-yl)-1,3,5-triazine-2,4-diamine",-7.65,0.45,-10.55,0.04,-2.73,0.17,4.92,2.90,-4.606667,1.876667,,,,,,,3.52,24.21
mobley_6620221, CC1(Cc2cccc(c2O1)OC(=O)NC)C, carbofuran,-9.61,0.3,-11.13,0.04,-10.51,0.34,0.90,1.52,-12.383333,1.873333,,,,,,,3.51,0.81
mobley_6843802, c1ccc(cc1)O[C@@H](C(F)F)F," 1,2,2-trifluoroethoxybenzene",-1.29,0.6,-3.04,0.04,-1.13,0.22,0.16,1.75,-2.996667,1.866667,,,,,,,3.48,0.03
mobley_194273, CC[C@H](C)n1c(=O)c(c([nH]c1=O)C)Br, bromacil,-9.73,1.93,-14.5,0.04,-10.34,0.21,0.61,4.77,-12.193333,1.853333,,,,,,,3.43,0.37
mobley_9626434, CCOCCO, 2-ethoxyethanol,-6.69,0.6,-4.41,0.03,-5.8,0.03,0.89,2.28,-7.62,1.82,,,,,,,3.31,0.79
mobley_5456566, c1(c(c(c(c(c1Cl)Cl)Cl)Cl)Cl)c2c(c(c(c(c2Cl)Cl)Cl)Cl)Cl," 1,2,3,4,5-pentachloro-6-(2,3,4,5,6-pentachlorophenyl)benzene",-2.98,1,0.76,0.05,-1.37,0.14,1.61,3.74,-3.166667,1.796667,,,,,,,3.23,2.59
mobley_3259411, C(C(CO)O)O, glycerol,-13.43,1,-10.14,0.04,-11.2,0.07,2.23,3.29,-12.986667,1.786667,,,,,,,3.19,4.97
mobley_7463408, CCC(=O)Nc1ccc(c(c1)Cl)Cl," N-(3,4-dichlorophenyl)propanimidic acid",-7.78,1.93,-9.41,0.04,-10.6,0.22,2.82,1.63,-12.343333,1.743333,,,,,,,3.04,7.95
mobley_1469079, c1ccc2c(c1)Oc3cc(c(cc3O2)Cl)Cl," 2,3-dichlorodibenzo-p-dioxin",-3.56,1,-3.59,0.04,-2.04,0.04,1.52,0.03,-3.776667,1.736667,,,,,,,3.02,2.31
mobley_6334915, COP(=O)([C@H](C(Cl)(Cl)Cl)O)OC," (1R)-2,2,2-trichloro-1-dimethoxyphosphoryl-ethanol",-12.74,1.93,-13.42,0.04,-15.6,0.25,2.86,0.68,-17.306667,1.706667,,,,,,,2.91,8.18
mobley_4479135, C=C(c1ccccc1)c2ccccc2," 1,1-diphenylethene",-2.78,0.1,-2.47,0.04,-1.9,0.1,0.88,0.31,-3.606667,1.706667,,,,,,,2.91,0.77
mobley_6115639, COP(=O)(OC)OC, trimethyl phosphate,-8.7,0.1,-10.64,0.03,-9.16,0.16,0.46,1.94,-10.863333,1.703333,,,,,,,2.90,0.21
mobley_7415647, CN(C)C(=O)c1ccc(cc1)[N+](=O)[O-]," N,N-dimethyl-4-nitro-benzamide",-11.95,0.6,-10.04,0.04,-11.05,0.28,0.90,1.91,-12.746667,1.696667,,,,,,,2.88,0.81
mobley_7912193, CCCCOC(=O)c1ccc(cc1)O, butyl paraben,-8.72,0.27,-8.77,0.04,-6.39,0.16,2.33,0.05,-8.053333,1.663333,,,,,,,2.77,5.43
mobley_7360181, COC(C(F)(F)F)(OC)OC," 1,1,1-trifluoro-2,2,2-trimethoxyethane",-0.8,0.2,-2.32,0.03,-0.25,0.16,0.55,1.52,-1.9,1.65,,,,,,,2.72,0.30
mobley_5510474, c1ccc2c(c1)Oc3c(c(c(c(c3Cl)Cl)Cl)Cl)O2," 1,2,3,4-tetrachlorodibenzo-p-dioxin",-3.81,0.14,-2.77,0.04,-1.83,0.06,1.98,1.04,-3.466667,1.636667,,,,,,,2.68,3.92
mobley_9741965, C[C@@H](CCO[N+](=O)[O-])O[N+](=O)[O-]," 1,3-bis-(nitrooxy)butane",-4.29,0.39,-4.94,0.02,-3.25,0.28,1.04,0.65,-4.876667,1.626667,,,,,,,2.65,1.08
mobley_2913224, CC(=O)Oc1ccccc1C(=O)O, acetylsalicylic acid,-9.94,0.18,-9.4,0.04,-9.32,0.16,0.62,0.54,-10.91,1.59,,,,,,,2.53,0.38
mobley_6861308, CN(C)C(=O)Nc1ccccc1, fenuron,-9.13,1.93,-11.81,0.04,-9.86,0.11,0.73,2.68,-11.446667,1.586667,,,,,,,2.52,0.53
mobley_52782, C(CO[N+](=O)[O-])O[N+](=O)[O-]," 1,2-dinitroxyethane",-5.73,0.1,-6.23,0.03,-4.81,0.05,0.92,0.50,-6.39,1.58,,,,,,,2.50,0.85
mobley_1743409, CCOC(=O)CCC(=O)OCC, diethyl butanedioate,-5.71,0.6,-8.68,0.05,-6.74,0.11,1.03,2.97,-8.296667,1.556667,,,,,,,2.42,1.06
mobley_550662, CC(OC)(OC)OC," 1,1,1-trimethoxyethane",-4.42,0.6,-3.7,0.04,-2.61,0.14,1.81,0.72,-4.16,1.55,,,,,,,2.40,3.28
mobley_2005792, c1ccc(cc1)c2ccccc2, biphenyl,-2.7,0.2,-3.14,0.03,-1.47,0.06,1.23,0.44,-2.993333,1.523333,,,,,,,2.32,1.51
mobley_9007496, CNC(=O)Oc1cccc2c1cccc2, naphthalen-1-yl N-methylcarbamate,-9.45,0.1,-10.44,0.04,-8.71,0.33,0.74,0.99,-10.233333,1.523333,,,,,,,2.32,0.55
mobley_1976156, CCCCCCCCC=O, nonanal,-2.07,0.6,-2.34,0.03,-0.65,0.05,1.42,0.27,-2.113333,1.463333,,,,,,,2.14,2.02
mobley_7017274, c1ccc2c(c1)ccc3c2cccc3, phenanthrene,-3.88,0.6,-5.26,0.03,-3.22,0.13,0.66,1.38,-4.636667,1.416667,,,,,,,2.01,0.44
mobley_172879, c1ccc2c(c1)Oc3ccccc3O2, dibenzo-p-dioxin,-3.15,0.1,-4.9,0.02,-1.64,0.11,1.51,1.75,-3.05,1.41,,,,,,,1.99,2.28
mobley_1363784, Cc1cc(cnc1)C," 3,5-dimethylpyridine",-4.84,0.6,-2.87,0.03,-2.92,0.04,1.92,1.97,-4.296667,1.376667,,,,,,,1.90,3.69
mobley_7378987, Cn1cnc2c1c(=O)n(c(=O)n2C)C, caffeine,-12.64,0.74,-17.62,0.04,-14.71,0.11,2.07,4.98,-16.056667,1.346667,,,,,,,1.81,4.28
mobley_5948990, c1ccc(c(c1)N)[N+](=O)[O-], 2-nitroaniline,-7.37,0.6,-7.66,0.03,-5.31,0.11,2.06,0.29,-6.636667,1.326667,,,,,,,1.76,4.24
mobley_5561855, c1cc(c(c(c1)Cl)c2c(cc(cc2Cl)Cl)Cl)Cl," 1,3,5-trichloro-2-(2,6-dichlorophenyl)benzene",-1.96,0.1,-0.48,0.04,-1.12,0.08,0.84,1.48,-2.446667,1.326667,,,,,,,1.76,0.71
mobley_5347550, COC(C(Cl)Cl)(F)F," 2,2-dichloro-1,1-difluoro-1-methoxy-ethane",-1.12,0.6,-0.69,0.03,-3.93,0.13,2.81,0.43,-5.253333,1.323333,,,,,,,1.75,7.90
mobley_9617923, CCCCCCCCC(=O)C, decan-2-one,-2.34,0.6,-2.57,0.04,-2.45,0.13,0.11,0.23,-3.746667,1.296667,,,,,,,1.68,0.01
mobley_5747188, Cc1ccccc1[N+](=O)[O-], 1-methyl-2-nitro-benzene,-3.58,0.6,-3.13,0.03,-4.57,0.09,0.99,0.45,-5.833333,1.263333,,,,,,,1.60,0.98
mobley_4188615, CN(C)C(=O)c1ccccc1," N,N-dimethylbenzamide",-9.29,0.6,-8.11,0.03,-8.43,0.18,0.86,1.18,-9.69,1.26,,,,,,,1.59,0.74
mobley_7203421, CCCCCC(=O)N, hexanamide,-9.31,0.6,-8.1,0.03,-6.83,0.07,2.48,1.21,-8.076667,1.246667,,,,,,,1.55,6.15
mobley_632905, CC(=O)c1ccc(cc1)OC, 1-(4-methoxyphenyl)ethanone,-4.4,0.6,-6.58,0.03,-6.6,0.04,2.20,2.18,-7.823333,1.223333,,,,,,,1.50,4.84
mobley_1278715, C(C(Cl)(Cl)Cl)(Cl)(Cl)Cl, hexachloroethane,-0.64,0.1,0.89,0.03,-1.07,0.08,0.43,1.53,-2.293333,1.223333,,,,,,,1.50,0.18
mobley_1449384, Cc1ccc(cc1)C(C)C, 1-isopropyl-4-methyl-benzene,-0.68,0.6,-0.46,0.03,0.82,0.09,1.50,0.22,-0.396667,1.216667,,,,,,,1.48,2.25
mobley_5467162, CC(C)(C)c1ccc(cc1)O, 4-tert-butylphenol,-5.91,0.6,-5.54,0.03,-3.72,0.06,2.19,0.37,-4.933333,1.213333,,,,,,,1.47,4.80
mobley_1502181, CCCCCCCC(=O)C, nonan-2-one,-2.49,0.6,-2.56,0.03,-2.54,0.17,0.05,0.07,-3.743333,1.203333,,,,,,,1.45,0.00
mobley_1728386, c1ccc(cc1)C(=O)N, benzamide,-11,0.2,-10.41,0.03,-6.09,0.02,4.91,0.59,-7.29,1.2,,,,,,,1.44,24.11
mobley_7298388, Cc1cccc(c1)[N+](=O)[O-], 1-methyl-3-nitro-benzene,-3.45,0.6,-3.28,0.03,-2.38,0.07,1.07,0.17,-3.576667,1.196667,,,,,,,1.43,1.14
mobley_3060426, CC(C)CCC(C)(C)C," 2,2,5-trimethylhexane",2.93,0.6,2.97,0.03,3.67,0.1,0.74,0.04,2.49,1.18,,,,,,,1.39,0.55
mobley_129464, CCCCOCCCC, 1-butoxybutane,-0.83,0.6,0.14,0.03,0.24,0.05,1.07,0.97,-0.935,1.175,,,,,,,1.38,1.14
mobley_2727678, c1c(c(=O)[nH]c(=O)[nH]1)I, 5-iodouracil,-18.72,0.64,-17.74,0.03,-14.48,0.07,4.24,0.98,-15.65,1.17,,,,,,,1.37,17.98
mobley_718988, CCCCCCCN, heptan-1-amine,-3.79,0.6,-2.55,0.03,-0.39,0.08,3.40,1.24,-1.546667,1.156667,,,,,,,1.34,11.56
mobley_1075836, CCC(=O)OC, methyl propanoate,-2.93,0.6,-3.65,0.03,-2.85,0.08,0.08,0.72,-3.993333,1.143333,,,,,,,1.31,0.01
mobley_4218209, COc1ccc(cc1)N, 4-methoxyaniline,-7.48,0.6,-7.02,0.03,-5.86,0.06,1.62,0.46,-6.98,1.12,,,,,,,1.25,2.62
mobley_2881590, CC(C)CO[N+](=O)[O-], isobutyl nitrate,-1.88,0.1,-1.83,0.03,-0.36,0.11,1.52,0.05,-1.48,1.12,,,,,,,1.25,2.31
mobley_8809190, CCCCc1ccccc1, butylbenzene,-0.4,0.6,-0.23,0.03,0.73,0.08,1.13,0.17,-0.386667,1.116667,,,,,,,1.25,1.28
mobley_1723043, C1(C(C(C1(F)F)(F)F)(F)F)(F)F, octafluorocyclobutane,3.43,0.03,3.08,0.03,0.04,0.13,3.39,0.35,-1.073333,1.113333,,,,,,,1.24,11.49
mobley_1244778, C1CCCC(CC1)O, cycloheptanol,-5.48,0.6,-4.34,0.03,-3.52,0.06,1.96,1.14,-4.63,1.11,,,,,,,1.23,3.84
mobley_63712, CN1CCCCC1, 1-methylpiperidine,-3.88,0.6,-3.47,0.03,-2.56,0.06,1.32,0.41,-3.67,1.11,,,,,,,1.23,1.74
mobley_6358463, c1ccc(c(c1)C(F)(F)F)C(F)(F)F," 1,2-bis(trifluoromethyl)benzene",1.07,0.6,-1.44,0.03,-1.28,0.11,2.35,2.51,-2.383333,1.103333,,,,,,,1.22,5.52
mobley_352111, CC(=O)OCCOC(=O)C, 2-acetoxyethyl acetate,-6.34,0.6,-8.29,0.04,-7.42,0.1,1.08,1.95,-8.516667,1.096667,,,,,,,1.20,1.17
mobley_7794077, c1c(c(=O)[nH]c(=O)[nH]1)C(F)(F)F, 5-trifluoromethyluracil,-15.46,0.16,-17.35,0.03,-12.87,0.01,2.59,1.89,-13.956667,1.086667,,,,,,,1.18,6.71
mobley_1235151, CCCCC[N+](=O)[O-], 1-nitropentane,-2.82,0.6,-1.32,0.03,-5.26,0.07,2.44,1.50,-6.333333,1.073333,,,,,,,1.15,5.95
mobley_1178614, c1ccc(c(c1)O)Cl, 2-chlorophenol,-4.55,0.6,-3.32,0.04,-3.08,0.08,1.47,1.23,-4.146667,1.066667,,,,,,,1.14,2.16
mobley_4678740, c1cc(cc(c1)C(F)(F)F)C(F)(F)F, m-bis(trifluoromethyl)benzene,1.07,0.2,-0.34,0.03,0.35,0.08,0.72,1.41,-0.713333,1.063333,,,,,,,1.13,0.52
mobley_3746675, CC(=C)c1ccccc1, isopropenylbenzene,-1.24,0.6,-0.65,0.03,-1.34,0.09,0.10,0.59,-2.376667,1.036667,,,,,,,1.07,0.01
mobley_6988468, CCc1ccccn1, 2-ethylpyridine,-4.33,0.6,-3.31,0.03,-3.45,0.07,0.88,1.02,-4.476667,1.026667,,,,,,,1.05,0.77
mobley_1722522, CCCC(=O)OCC, ethyl butanoate,-2.49,0.6,-3.38,0.03,-2.38,0.08,0.11,0.89,-3.403333,1.023333,,,,,,,1.05,0.01
mobley_3167746, CCCCCCCC, octane,2.88,0.6,3.09,0.03,3.31,0.09,0.43,0.21,2.286667,1.023333,,,,,,,1.05,0.18
mobley_9257453, c1cc(c(cc1O)Cl)Cl," 3,4-dichlorophenol",-7.29,0.1,-5.14,0.03,-5.05,0.06,2.24,2.15,-6.066667,1.016667,,,,,,,1.03,5.02
mobley_1160109, C[C@@H]1CC[C@H](CC1=O)C(=C)C," (2R,5R)-2-methyl-5-(1-methylethenyl)-cyclohexanone",-3.75,0.21,-3.34,0.03,-4.87,0.06,1.12,0.41,-5.886667,1.016667,,,,,,,1.03,1.25
mobley_8467917, CCCC/C=C/C, hept-2-ene,1.68,0.6,2.78,0.03,2.48,0.04,0.80,1.10,1.47,1.01,,,,,,,1.02,0.64
mobley_1352110, CCCCN(CC)C(=O)SCCC, pebulate,-3.64,1.93,-4.57,0.04,-3.74,0.58,0.10,0.93,-4.746667,1.006667,,,,,,,1.01,0.01
mobley_1139153, CC(C)CC(C)(C)C," 2,2,4-trimethylpentane",2.89,0.6,2.54,0.03,3.17,0.08,0.28,0.35,2.163333,1.006667,,,,,,,1.01,0.08
mobley_5690766, C=CCCC=C," hexa-1,5-diene",1.01,0.6,2.49,0.02,1.04,0.13,0.03,1.48,0.036667,1.003333,,,,,,,1.01,0.00
mobley_1328465, C(C(Cl)Cl)Cl," 1,1,2-trichloroethane",-1.99,0.6,-0.38,0.03,0.02,0.14,2.01,1.61,-0.98,1,,,,,,,1.00,4.04
mobley_6082662, c1cc(ccc1N)N(=O)=O, 4-nitroaniline,-9.82,0.1,-9.42,0.03,-6.54,0.1,3.28,0.40,-7.54,1,,,,,,,1.00,10.76
mobley_4039055, c1c(c(=O)[nH]c(=O)[nH]1)Br, 5-bromouracil,-18.17,0.55,-17.3,0.03,-13.9,0.06,4.27,0.87,-14.896667,0.996667,,,,,,,0.99,18.23
mobley_8558116, CN1CCOCC1, 4-methylmorpholine,-6.32,0.6,-5.77,0.03,-5.39,0.3,0.93,0.55,-6.386667,0.996667,,,,,,,0.99,0.86
mobley_7893124, CC(C)(C)c1ccccc1, tert-butylbenzene,-0.44,0.6,-0.8,0.03,0.67,0.08,1.11,0.36,-0.32,0.99,,,,,,,0.98,1.23
mobley_5760563, COS(=O)(=O)OC, dimethyl sulfate,-5.1,0.6,-8.41,0.03,-6.45,0.08,1.35,3.31,-7.436667,0.986667,,,,,,,0.97,1.82
mobley_5079234, CCCCCCCO, heptan-1-ol,-4.21,0.6,-2.92,0.03,-3.45,0.16,0.76,1.29,-4.436667,0.986667,,,,,,,0.97,0.58
mobley_4884177, CCc1cccnc1, 3-ethylpyridine,-4.59,0.6,-2.96,0.03,-3.9,0.07,0.69,1.63,-4.88,0.98,,,,,,,0.96,0.48
mobley_8525830, CCCCCI, 1-iodopentane,-0.14,0.6,-0.11,0.03,-0.11,0.07,0.03,0.03,-1.086667,0.976667,,,,,,,0.95,0.00
mobley_8746821, Cc1cccnc1C," 2,3-dimethylpyridine",-4.82,0.6,-3.37,0.03,-2.93,0.05,1.89,1.45,-3.893333,0.963333,,,,,,,0.93,3.57
mobley_7364468, CC1=CC(=O)CC(C1)(C)C," 3,5,5-trimethylcyclohex-2-en-1-one",-5.18,1.37,-4.09,0.03,-3.07,0.06,2.11,1.09,-4.033333,0.963333,,,,,,,0.93,4.45
mobley_1827204, CCCCCC=O, hexanal,-2.81,0.6,-2.86,0.03,-1.37,0.04,1.44,0.05,-2.333333,0.963333,,,,,,,0.93,2.07
mobley_900088, CC(=C)C(=C)C," 2,3-dimethylbuta-1,3-diene",0.4,0.6,1.86,0.03,0.47,0.08,0.07,1.46,-0.486667,0.956667,,,,,,,0.92,0.00
mobley_6804509, c1c(c(cc(c1Cl)Cl)Cl)Cl," 1,2,4,5-tetrachlorobenzene",-1.34,0.6,0.04,0.03,-0.96,0.1,0.38,1.38,-1.916667,0.956667,,,,,,,0.92,0.14
mobley_7142697, CCCCCN, pentan-1-amine,-4.09,0.6,-2.83,0.03,-0.76,0.05,3.33,1.26,-1.716667,0.956667,,,,,,,0.92,11.09
mobley_397645, CCOC(=O)c1ccccc1, ethyl benzoate,-3.64,0.6,-4.6,0.03,-2.49,0.08,1.15,0.96,-3.446667,0.956667,,,,,,,0.92,1.32
mobley_4193752, c1ccc(cc1)[N+](=O)[O-], nitrobenzene,-4.12,0.6,-3.46,0.03,-2.7,0.11,1.42,0.66,-3.653333,0.953333,,,,,,,0.91,2.02
mobley_7295828, COc1ccccc1, anisole,-2.45,0.6,-2.32,0.03,-2.02,0.08,0.43,0.13,-2.966667,0.946667,,,,,,,0.90,0.18
mobley_8057732, c1cc(cc(c1)Cl)O, 3-chlorophenol,-6.62,0.6,-5.02,0.03,-4.81,0.04,1.81,1.60,-5.753333,0.943333,,,,,,,0.89,3.28
mobley_1424265, Cc1cccc(c1)C, m-xylene,-0.83,0.6,-0.7,0.03,0.43,0.05,1.26,0.13,-0.506667,0.936667,,,,,,,0.88,1.59
mobley_7573149, CCCOC(=O)C, propyl acetate,-2.79,0.6,-3.49,0.03,-2.77,0.03,0.02,0.70,-3.703333,0.933333,,,,,,,0.87,0.00
mobley_9112978, CC/C=C\C, pent-2-ene,1.31,0.6,2.37,0.02,1.88,0.08,0.57,1.06,0.946667,0.933333,,,,,,,0.87,0.32
mobley_2213823, CCC(C)CC, 3-methylpentane,2.51,0.6,2.61,0.03,2.96,0.08,0.45,0.10,2.026667,0.933333,,,,,,,0.87,0.20
mobley_8514745, CCCCCOC(=O)C, pentyl acetate,-2.51,0.6,-2.56,0.03,-2.22,0.14,0.29,0.05,-3.143333,0.923333,,,,,,,0.85,0.08
mobley_2782339, c1ccc2c(c1)C(=O)NC2=O, phthalimide,-9.61,0.5,-11.82,0.03,-18.54,0.12,8.93,2.21,-19.446667,0.906667000000002,,,,,,,0.82,79.74
mobley_7983227, CC[C@@H](C)CO, 2-methylbutan-1-ol,-4.42,0.6,-3,0.03,-3.52,0.05,0.90,1.42,-4.423333,0.903333,,,,,,,0.82,0.81
mobley_2751110, c1cc(ccc1[N+](=O)[O-])O, 4-nitrophenol,-10.64,0.6,-8.47,0.03,-7.48,0.02,3.16,2.17,-8.383333,0.903333,,,,,,,0.82,9.99
mobley_2371092, Cc1ccncc1C," 3,4-dimethylpyridine",-5.22,0.6,-3.2,0.03,-3.78,0.04,1.44,2.02,-4.68,0.9,,,,,,,0.81,2.07
mobley_9557440, c1c(c(=O)[nH]c(=O)[nH]1)Cl, 5-chlorouracil,-17.74,0.78,-16.61,0.03,-13.6,0.02,4.14,1.13,-14.483333,0.883333,,,,,,,0.78,17.14
mobley_5094777, c1ccc2c(c1)CCC2, indane,-1.46,0.6,-1.75,0.03,-5.63,0.05,4.17,0.29,-6.513333,0.883333,,,,,,,0.78,17.39
mobley_7039935, c1ccc2c(c1)cccc2O, naphthalen-1-ol,-7.67,0.6,-7.14,0.03,-5.7,0.1,1.97,0.53,-6.58,0.88,,,,,,,0.77,3.88
mobley_1046331, c1ccc(cc1)OC=O, phenyl formate,-3.82,0.6,-5.44,0.03,-4.18,0.05,0.36,1.62,-5.056667,0.876667000000001,,,,,,,0.77,0.13
mobley_1838110, C(C(F)(Cl)Cl)(F)(F)Cl," 1,1,2-trichloro-1,2,2-trifluoro-ethane",1.77,0.6,1.69,0.03,1.09,0.08,0.68,0.08,0.22,0.87,,,,,,,0.76,0.46
mobley_6571751, CC1=CCCCC1, 1-methylcyclohexene,0.67,0.6,1.34,0.03,1.25,0.07,0.58,0.67,0.383333,0.866667,,,,,,,0.75,0.34
mobley_7176290, c1cc(cc(c1)O)[N+](=O)[O-], 3-nitrophenol,-9.62,0.6,-7.89,0.03,-7.42,0.13,2.20,1.73,-8.286667,0.866667,,,,,,,0.75,4.84
mobley_7814642, c1cc(c(cc1Cl)Cl)Cl," 1,2,4-trichlorobenzene",-1.12,0.6,-0.12,0.03,-1.1,0.12,0.02,1.00,-1.96,0.86,,,,,,,0.74,0.00
mobley_2864987, CCC[C@@H](C)O, pentan-2-ol,-4.39,0.6,-2.94,0.03,-2.9,0.04,1.49,1.45,-3.753333,0.853333,,,,,,,0.73,2.22
mobley_5857, c1ccc2c(c1)cccn2, quinoline,-5.72,0.6,-4.99,0.03,-5.4,0.13,0.32,0.73,-6.25,0.85,,,,,,,0.72,0.10
mobley_337666, c1c(c(=O)[nH]c(=O)[nH]1)F, 5-fluorouracil,-16.92,0.88,-16.37,0.03,-14.48,0.07,2.44,0.55,-15.326667,0.846667,,,,,,,0.72,5.95
mobley_8809274, c1ccc(cc1)C(F)(F)F, trifluoromethylbenzene,-0.25,0.6,-0.57,0.03,-0.1,0.02,0.15,0.32,-0.933333,0.833333,,,,,,,0.69,0.02
mobley_3777264, c1cc(cc(c1)[N+](=O)[O-])N, 3-nitroaniline,-8.84,0.6,-8.2,0.03,-6.42,0.07,2.42,0.64,-7.246667,0.826667000000001,,,,,,,0.68,5.86
mobley_8772587, CCCCI, 1-iodobutane,-0.25,0.6,-0.22,0.03,-0.34,0.16,0.09,0.03,-1.166667,0.826667,,,,,,,0.68,0.01
mobley_4338603, c1c(=O)[nH]c(=O)[nH]c1Cl, 6-chlorouracil,-15.83,1.22,-15.13,0.03,-15.19,0.07,0.64,0.70,-16.01,0.820000000000002,,,,,,,0.67,0.41
mobley_5571660, Cc1cccc(c1N)C," 2,6-dimethylaniline",-5.21,0.6,-5.57,0.03,-6.74,0.12,1.53,0.36,-7.556667,0.816667,,,,,,,0.67,2.34
mobley_9883303, CCC[C@H](C)CC, 3-methylhexane,2.71,0.6,2.81,0.03,3.16,0.07,0.45,0.10,2.35,0.81,,,,,,,0.66,0.20
mobley_8785107, C[C@H]1CC[C@@H](O1)C," 2,5-dimethyltetrahydrofuran",-2.92,0.6,-1.79,0.03,-1.74,0.08,1.18,1.13,-2.533333,0.793333,,,,,,,0.63,1.39
mobley_2402487, CCOC(=O)CC(=O)OCC, diethyl propanedioate,-6,0.6,-6.72,0.03,-4.48,0.66,1.52,0.72,-5.273333,0.793333,,,,,,,0.63,2.31
mobley_2451097, c1ccc(cc1)C#N, benzonitrile,-4.1,0.6,-3.24,0.03,-3.7,0.05,0.40,0.86,-4.49,0.79,,,,,,,0.62,0.16
mobley_6739648, C1COCCO1," 1,4-dioxane",-5.06,0.6,-4.27,0.02,-4.33,0.11,0.73,0.79,-5.116667,0.786667,,,,,,,0.62,0.53
mobley_1563176, CCCCS, butane-1-thiol,-0.99,0.6,-0.17,0.02,0.39,0.08,1.38,0.82,-0.38,0.77,,,,,,,0.59,1.90
mobley_1674094, CCCCC#C, hex-1-yne,0.29,0.6,0.55,0.02,-0.09,0.08,0.38,0.26,-0.856667,0.766667,,,,,,,0.59,0.14
mobley_628086, C[C@@H](C(F)(F)F)O," 1,1,1-trifluoropropan-2-ol",-4.16,0.6,-3.52,0.03,-2.53,0.04,1.63,0.64,-3.293333,0.763333,,,,,,,0.58,2.66
mobley_8899867, C1CCC(C1)O, cyclopentanol,-5.49,0.6,-4.29,0.03,-4.06,0.05,1.43,1.20,-4.81,0.75,,,,,,,0.56,2.04
mobley_7608462, c1ccc(cc1)Cl, chlorobenzene,-1.12,0.6,-0.47,0.02,-0.45,0.08,0.67,0.65,-1.2,0.75,,,,,,,0.56,0.45
mobley_3414356, CCCC(C)(C)O, 2-methylpentan-2-ol,-3.92,0.6,-2.78,0.03,-1.83,0.1,2.09,1.14,-2.556667,0.726667,,,,,,,0.53,4.37
mobley_3323117, C1CC[S+2](C1)([O-])[O-], sulfolane,-8.61,0.31,-9.62,0.03,-9.45,0.07,0.84,1.01,-10.17,0.720000000000001,,,,,,,0.52,0.71
mobley_9979854, C[C@H](C(F)(F)F)O, 111-trifluoropropan-2-ol,-4.2,0.2,-3.49,0.03,-2.52,0.02,1.68,0.71,-3.236667,0.716667,,,,,,,0.51,2.82
mobley_646007, C1CCNC1, pyrrolidine,-5.48,0.6,-4.28,0.02,-4.97,0.06,0.51,1.20,-5.676667,0.706667,,,,,,,0.50,0.26
mobley_1199854, CCCI, 1-iodopropane,-0.53,0.6,-0.44,0.02,-0.45,0.03,0.08,0.09,-1.156667,0.706667,,,,,,,0.50,0.01
mobley_5759258, CCCCCO, pentan-1-ol,-4.57,0.6,-3.05,0.03,-3.89,0.05,0.68,1.52,-4.593333,0.703333,,,,,,,0.49,0.46
mobley_1079207, c1cc(cc(c1)Cl)Cl," 1,3-dichlorobenzene",-0.98,0.6,-0.11,0.03,-0.62,0.04,0.36,0.87,-1.306667,0.686667,,,,,,,0.47,0.13
mobley_8739734, CC(C)C(=O)C, 3-methylbutan-2-one,-3.24,0.6,-3.08,0.03,-4.17,0.1,0.93,0.16,-4.856667,0.686667,,,,,,,0.47,0.86
mobley_4506634, [C@@H](C(F)(F)F)(Cl)Br," 2-bromo-2-chloro-1,1,1-trifluoro-ethane",-0.11,0.6,0.21,0.02,-5.11,0.04,5.00,0.32,-5.78,0.669999999999999,,,,,,,0.45,25.00
mobley_4883284, c1ccc(cc1)N, aniline,-5.49,0.6,-5.54,0.03,-3.98,0.02,1.51,0.05,-4.646667,0.666667,,,,,,,0.44,2.28
mobley_210639, CC(C)I, 2-iodopropane,-0.46,0.6,-0.49,0.02,0.64,0.08,1.10,0.03,-0.026667,0.666667,,,,,,,0.44,1.21
mobley_8691603, Cc1cccc(c1)O, m-cresol,-5.49,0.6,-5.38,0.03,-4.52,0.01,0.97,0.11,-5.183333,0.663333000000001,,,,,,,0.44,0.94
mobley_9794857, CC(C)(C)OC, 2-methoxy-2-methyl-propane,-2.21,0.6,-0.69,0.03,-1.49,0.06,0.72,1.52,-2.15,0.66,,,,,,,0.44,0.52
mobley_8578590, CS(=O)C, methylsulfinylmethane,-9.28,0.57,-8.24,0.02,-10.51,0.13,1.23,1.04,-11.166667,0.656667000000001,,,,,,,0.43,1.51
mobley_5952846, C(=C(Cl)Cl)(Cl)Cl," 1,1,2,2-tetrachloroethylene",0.1,0.6,1.33,0.02,-0.77,0.02,0.87,1.23,-1.423333,0.653333,,,,,,,0.43,0.76
mobley_2481002, C([N+](=O)[O-])(Cl)(Cl)Cl, trichloro(nitro)methane,-1.45,0.1,-0.38,0.02,-10.07,0.07,8.62,1.07,-10.723333,0.653333,,,,,,,0.43,74.30
mobley_9100956, CC1CCCCC1, methylcyclohexane,1.7,0.6,1.68,0.03,2.29,0.05,0.59,0.02,1.643333,0.646667,,,,,,,0.42,0.35
mobley_4699732, C[C@@H](CCl)Cl," 1,2-dichloropropane",-1.27,0.6,-0.27,0.03,0.39,0.16,1.66,1.00,-0.25,0.64,,,,,,,0.41,2.76
mobley_9028462, COC(=O)C(F)(F)F," methyl 2,2,2-trifluoroacetate",-1.1,0.6,-1.35,0.02,-1.67,0.03,0.57,0.25,-2.296667,0.626667,,,,,,,0.39,0.32
mobley_4850657, CS(=O)(=O)Cl, methanesulfonyl chloride,-4.87,0.6,-6.22,0.02,-3.98,0.08,0.89,1.35,-4.6,0.620000000000001,,,,,,,0.38,0.79
mobley_8221999, CCCC#N, butanenitrile,-3.64,0.6,-2.29,0.02,-2.33,0.05,1.31,1.35,-2.946667,0.616667,,,,,,,0.38,1.72
mobley_5494918, C(=C(F)F)(C(F)(F)F)F," 1,1,2,3,3,3-hexafluoroprop-1-ene",2.93,0.6,2.31,0.02,0.62,0.07,2.31,0.62,0.02,0.6,,,,,,,0.36,5.34
mobley_1708457, CS(=O)(=O)C, methylsulfonylmethane,-10.08,0.6,-10.56,0.03,-13.06,0.11,2.98,0.48,-13.66,0.6,,,,,,,0.36,8.88
mobley_2789243, c1cc(cnc1)Cl, 3-chloropyridine,-4.01,0.6,-2.77,0.03,-3.4,0.02,0.61,1.24,-3.996667,0.596667,,,,,,,0.36,0.37
mobley_1144156, CCOCC, ethoxyethane,-1.59,0.6,-0.62,0.02,-0.92,0.06,0.67,0.97,-1.493333,0.573333,,,,,,,0.33,0.45
mobley_5973402, CC(C)CCO, 3-methylbutan-1-ol,-4.42,0.6,-3.24,0.03,-3.75,0.15,0.67,1.18,-4.323333,0.573333,,,,,,,0.33,0.45
mobley_3999471, CC(Cl)Cl," 1,1-dichloroethane",-0.84,0.6,0.19,0.02,-0.18,0.06,0.66,1.03,-0.736667,0.556667,,,,,,,0.31,0.44
mobley_2923700, CCc1ccc(cc1)O, 4-ethylphenol,-6.13,0.6,-5.45,0.03,-4.22,0.04,1.91,0.68,-4.773333,0.553333,,,,,,,0.31,3.65
mobley_7261305, NN, hydrazine,-9.3,0.6,-6.51,0.02,-6.75,0.02,2.55,2.79,-7.296667,0.546667,,,,,,,0.30,6.50
mobley_8118832, C=CCO, prop-2-en-1-ol,-5.03,0.6,-3.29,0.02,-4.98,0.09,0.05,1.74,-5.523333,0.543333,,,,,,,0.30,0.00
mobley_1019269, CCCCO, butan-1-ol,-4.72,0.6,-3.23,0.03,-4.08,0.08,0.64,1.49,-4.62,0.54,,,,,,,0.29,0.41
mobley_8882696, C1CCOC1, tetrahydrofuran,-3.47,0.6,-2.2,0.02,-2.46,0.05,1.01,1.27,-2.996667,0.536667,,,,,,,0.29,1.02
mobley_8685905, [C@@H](C(F)(F)F)(F)Br," 2-bromo-1,1,1,2-tetrafluoro-ethane",0.5,0.6,0.23,0.02,-0.14,0.07,0.64,0.27,-0.676667,0.536667,,,,,,,0.29,0.41
mobley_1261349, CC(C)(C)C, neopentane,2.51,0.6,2.51,0.02,2.63,0.02,0.12,0.00,2.096667,0.533333,,,,,,,0.28,0.01
mobley_5732611, Cc1c[nH]cn1, 4-methyl-1H-imidazole,-10.27,0.6,-8.21,0.03,-10.8,0.04,0.53,2.06,-11.32,0.52,,,,,,,0.27,0.28
mobley_1857976, C(CCl)Cl," 1,2-dichloroethane",-1.79,0.6,-0.36,0.02,0.6,0.06,2.39,1.43,0.09,0.51,,,,,,,0.26,5.71
mobley_1231151, CC(C)Cl, 2-chloropropane,-0.25,0.6,0.83,0.02,1.55,0.04,1.80,1.08,1.04,0.51,,,,,,,0.26,3.24
mobley_967099, CC(C)[N+](=O)[O-], 2-nitropropane,-3.13,0.6,-1.74,0.02,-5.02,0.03,1.89,1.39,-5.523333,0.503333000000001,,,,,,,0.25,3.57
mobley_1417007, C1C=CC[C@@H]2[C@@H]1C(=O)N(C2=O)SC(Cl)(Cl)Cl, captan,-9.01,1.93,-8.72,0.04,-10.04,0.16,1.03,0.29,-10.54,0.5,,,,,,,0.25,1.06
mobley_2493732, C=C(Cl)Cl," 1,1-dichloroethylene",0.25,0.6,1.11,0.02,0.41,0.09,0.16,0.86,-0.086667,0.496667,,,,,,,0.25,0.03
mobley_9246351, C(Br)Br, dibromomethane,-1.96,0.6,-0.41,0.02,-1.89,0.05,0.07,1.55,-2.375,0.485,,,,,,,0.24,0.00
mobley_3982371, CC(=O)OC, methyl acetate,-3.13,0.6,-3.83,0.02,-3.65,0.04,0.52,0.70,-4.133333,0.483333,,,,,,,0.23,0.27
mobley_3968043, C1CCC(=O)C1, cyclopentanone,-4.7,0.6,-3.89,0.02,-1.75,0.04,2.95,0.81,-2.213333,0.463333,,,,,,,0.21,8.70
mobley_5157661, CC(C)C, isobutane,2.3,0.2,2.54,0.02,2.72,0.05,0.42,0.24,2.256667,0.463333,,,,,,,0.21,0.18
mobley_7015518, COC, methoxymethane,-1.91,0.6,-0.85,0.02,-0.92,0.05,0.99,1.06,-1.36,0.44,,,,,,,0.19,0.98
mobley_8449031, CCN(CC)CC," N,N-diethylethanamine",-3.22,0.6,-1.96,0.03,-1.51,0.37,1.71,1.26,-1.946667,0.436667,,,,,,,0.19,2.92
mobley_511661, C=CC=C, butadiene,0.56,0.2,1.96,0.02,0.19,0.05,0.37,1.40,-0.23,0.42,,,,,,,0.18,0.14
mobley_1107178, CCI, iodoethane,-0.74,0.6,-0.61,0.02,-0.86,0.16,0.12,0.13,-1.276667,0.416667,,,,,,,0.17,0.01
mobley_6911232, CCOC, methoxyethane,-2.1,0.6,-0.71,0.02,-1,0.03,1.10,1.39,-1.403333,0.403333,,,,,,,0.16,1.21
mobley_6239320, c1(=O)[nH]c(=O)[nH]c(=O)[nH]1, cyanuric acid,-18.06,0.27,-21.76,0.03,-29.65,0.08,11.59,3.70,-30.043333,0.393333000000002,,,,,,,0.15,134.33
mobley_2198613, CCCl, chloroethane,-0.63,0.6,0.78,0.02,0.87,0.12,1.50,1.41,0.496667,0.373333,,,,,,,0.14,2.25
mobley_1977493, CCCCl, 1-chloropropane,-0.33,0.6,0.97,0.02,1.04,0.02,1.37,1.30,0.686667,0.353333,,,,,,,0.12,1.88
mobley_4364398, CI, iodomethane,-0.89,0.6,-0.64,0.02,-0.13,0.07,0.76,0.25,-0.48,0.35,,,,,,,0.12,0.58
mobley_6497672, C/C=C/C=O, but-2-enal,-4.22,0.6,-3.34,0.02,-5.44,0.25,1.22,0.88,-5.146667,0.293333000000001,,,,,,,0.09,1.49
mobley_1952272, C[N+](=O)[O-], nitromethane,-4.02,0.6,-2.08,0.02,-7.36,0.12,3.34,1.94,-7.65,0.289999999999998,,,,,,,0.08,11.16
mobley_1189457, CSc1ccccc1, methylsulfanylbenzene,-2.73,0.6,-1.32,0.03,-1.56,0.05,1.17,1.41,-1.816667,0.256667,,,,,,,0.07,1.37
mobley_9029594, CF, fluoromethane,-0.22,0.6,0.88,0.01,0.46,0.05,0.68,1.10,0.275,0.185,,,,,,,0.03,0.46
mobley_1929982, S, hydrogen sulfide,-0.7,0.6,-1.14,0.01,-0.54,0.11,0.16,0.44,-0.695,0.155,,,,,,,0.02,0.03
mobley_1017962, CCCCCC(=O)OC, methyl hexanoate,-2.49,0.6,-3.3,0.03,-3.65,0.05,1.16,0.81,-3.8,0.15,,,,,,,0.02,1.35
mobley_2518989, CCOP(=S)(OCC)S[C@@H](CCl)N1C(=O)c2ccccc2C1=O, dialifor,-5.74,1.93,-16.52,0.07,-22.29,0.61,16.55,10.78,,,,,,,,,,
mobley_9534740, C([C@@H]1[C@H]([C@@H]([C@H]([C@@H](O1)O)O)O)O)O," (2R,3R,4S,5S,6R)-6-(hydroxymethyl)tetrahydropyran-2,3,4,5-tetrol",-25.47,0.22,-18.09,0.07,-14.92,0.4,10.55,7.38,,,,,,,,,1.36,111.30
mobley_2099370, C[C@@H](c1cccc(c1)C(=O)c2ccccc2)C(=O)O, ketoprofen,-10.78,0.18,-17.24,0.06,-9.16,0.08,1.62,6.46,,,,,,,,,,2.62
mobley_9571888, C1[C@@H]2[C@H](COS(=O)O1)[C@@]3(C(=C([C@]2(C3(Cl)Cl)Cl)Cl)Cl)Cl, endosulfan alpha,-4.23,0.26,-9.79,0.04,,,,5.56,,,,,,,,,,
mobley_1527293, C[C@@H](c1ccc(c(c1)F)c2ccccc2)C(=O)O, flurbiprofen,-8.42,0.16,-13.95,0.05,-5.4,0.13,3.02,5.53,,,,,,,,,,9.12
mobley_4587267, C([C@H]([C@H]([C@@H]([C@@H](CO)O)O)O)O)O," (2R,3R,4R,5R)-Hexan-1,2,3,4,5,6-hexol",-23.62,0.32,-18.16,0.09,-17.05,1.01,6.57,5.46,,,,,,,,,,43.16
mobley_7326706, CCOP(=S)(OCC)Oc1c(cc(c(n1)Cl)Cl)Cl, chlorpyrifos,-5.04,0.21,-9.62,0.05,-7.23,0.48,2.19,4.58,,,,,,,,,,4.80
mobley_8208692, c1c(c(c(c(c1Cl)Cl)Cl)Cl)c2c(cc(c(c2Cl)Cl)Cl)Cl," 1,2,3,4-tetrachloro-5-(2,3,4,6-tetrachlorophenyl)benzene",-4.61,0.25,-0.04,0.05,-2.12,0.13,2.49,4.57,,,,,,,,,,6.20
mobley_7754849, CCOP(=S)(OCC)SCSP(=S)(OCC)OCC, ethion,-6.1,1.37,-10.64,0.05,-14.51,0.16,8.41,4.54,,,,,,,,,,
mobley_5393242, CCOP(=S)(OCC)Oc1cc(nc(n1)C(C)C)C, diazinon,-6.48,0.13,-10.75,0.05,-15.32,0.73,8.84,4.27,,,,,,,,,,
mobley_2850833, c1ccc(c(c1)C=O)O, 2-hydroxybenzaldehyde,-4.68,0.1,-8.81,0.03,-5.72,0.05,1.04,4.13,,,,,,,,,,1.08
mobley_1770205, COP(=S)(OC)SCn1c(=O)c2ccccc2nn1," 3-(dimethoxyphosphinothioylsulfanylmethyl)-1,2,3-benzotriazin-4-one",-10.03,1.37,-14.11,0.06,-16.45,0.14,6.42,4.08,,,,,,,,,,
mobley_2078467, C[C@@H](c1ccc(cc1)CC(C)C)C(=O)O, ibuprofen,-7,0.64,-10.86,0.05,-2.46,0.13,4.54,3.86,,,,,,,,,,20.61
mobley_8311303, c1cc(c(cc1c2c(c(cc(c2Cl)Cl)Cl)Cl)Cl)Cl," 1,2,4,5-tetrachloro-3-(3,4-dichlorophenyl)benzene",-4.38,0.22,-0.7,0.04,-2.53,0.04,1.85,3.68,,,,,,,,,,3.42
mobley_667278, c1cc(c(c(c1c2cc(c(c(c2Cl)Cl)Cl)Cl)Cl)Cl)Cl," 1,2,3,4-tetrachloro-5-(2,3,4-trichlorophenyl)benzene",-4.4,0.1,-0.81,0.04,-2.68,0.17,1.72,3.59,,,,,,,,,,2.96
mobley_6198745, CC(=O)OCC(COC(=O)C)OC(=O)C," 2,3-diacetoxypropyl acetate",-8.84,0.2,-12.33,0.06,-9.87,0.11,1.03,3.49,,,,,,,,,,1.06
mobley_242480, c1ccc2c(c1)C(=O)c3c(ccc(c3C2=O)N)N," 1,4-diamino-9,10-anthracenedione",-11.85,0.35,-15.25,0.04,-12.21,0.17,0.36,3.40,,,,,,,,,,0.13
mobley_9821936, c12c(c(c(c(c1Cl)Cl)Cl)Cl)Oc3c(c(c(c(c3Cl)Cl)Cl)Cl)O2," 1,2,3,4,6,7,8,9-octachlorodibenzo-p-dioxin",-4.53,1,-1.15,0.04,-3.36,0.04,1.17,3.38,,,,,,,,,,1.37
mobley_1922649, COP(=S)(OC)Oc1ccc(cc1)[N+](=O)[O-], methylparathion,-7.19,0.1,-10.47,0.04,,,,3.28,,,,,,,,,,
mobley_2725215, CCCN(CCC)c1c(cc(cc1[N+](=O)[O-])S(=O)(=O)C)[N+](=O)[O-], nitralin,-7.98,1.93,-11.25,0.05,-18.22,0.17,10.24,3.27,,,,,,,,,,104.86
mobley_820789, CCCC(=O)O, butyric acid,-6.35,0.6,-9.43,0.03,-4.61,0.17,1.74,3.08,,,,,,,,,,3.03
mobley_4463913, CC(OC(=O)C)OC(=O)C, 1-acetoxyethyl acetate,-4.97,0.6,-8.01,0.03,-6.03,0.22,1.06,3.04,,,,,,,,,,1.12
mobley_8916409, CCOC(=O)C[C@H](C(=O)OCC)SP(=S)(OC)OC, diethyl (2R)-2-dimethoxyphosphinothioylsulfanylbutanedioate,-8.15,0.21,-11.19,0.06,-16.58,0.6,8.43,3.04,,,,,,,,,,71.06
mobley_8789465, c1ccc(c(c1)O)I, 2-iodophenol,-6.2,0.6,-3.22,0.04,-3.97,0.08,2.23,2.98,,,,,,,,,,4.97
mobley_4792268, CCCCC(=O)O, pentanoic acid,-6.16,0.6,-9.05,0.03,-4.88,0.17,1.28,2.89,,,,,,,,,,1.64
mobley_6055410, c1cc(c(cc1c2ccc(cc2F)F)C(=O)O)O, diflunisal,-9.4,0.2,-6.61,0.06,-8.93,0.16,0.47,2.79,,,,,,,,,,0.22
mobley_8052240, c1ccc2c(c1)C(=O)c3cccc(c3C2=O)N," 1-amino-9,10-anthracenedione",-9.44,0.74,-12.21,0.04,-10.61,0.07,1.17,2.77,,,,,,,,,,1.37
mobley_2929847, CC(C)CC(=O)O, 3-methylbutanoic acid,-6.09,0.6,-8.84,0.03,-4.24,0.08,1.85,2.75,,,,,,,,,,3.42
mobley_1323538, CCOP(=O)(OCC)OCC, triethylphosphate,-7.5,0.2,-10.25,0.04,,,,2.75,-5.976667,,,,,,,,,
mobley_4845722, c1(c(c(c(c(c1Cl)Cl)Cl)Cl)Cl)Cl, hexachlorobenzene,-2.33,1.16,0.38,0.04,-1.2,0.1,1.13,2.71,,,,,,,,,,1.28
mobley_8823527, c1cc(c(cc1Cl)c2cc(c(c(c2)Cl)Cl)Cl)Cl," 1,2,3-trichloro-5-(2,5-dichlorophenyl)benzene",-3.61,0.13,-0.92,0.04,-2.57,0.05,1.04,2.69,,,,,,,,,,1.08
mobley_7758918, CCC(=O)O, propionic acid,-6.46,0.6,-9.09,0.03,-4.02,0.22,2.44,2.63,,,,,,,,,,5.95
mobley_9281946, CCOP(=S)(OCC)Oc1ccc(cc1)[N+](=O)[O-], diethoxy-(4-nitrophenoxy)-thioxo-$l^{5}-phosphane,-6.74,0.1,-9.21,0.04,-10.61,0.4,3.87,2.47,,,,,,,,,,
mobley_4687447, CCCOCCO, 2-propoxyethanol,-6.4,0.6,-3.94,0.03,-5.43,0.07,0.97,2.46,,,,,,,,,,0.94
mobley_5880265, CCCCOCCO, 2-butoxyethanol,-6.25,0.6,-3.85,0.04,-5.17,0.09,1.08,2.40,,,,,,,,,,1.17
mobley_5003962, c1ccc2c(c1)C(=O)c3ccc(cc3C2=O)N," 2-amino-9,10-anthraquinone",-11.53,0.29,-13.89,0.04,-12.5,0.04,0.97,2.36,,,,,,,,,,0.94
mobley_3269819, c1c(cc(c(c1Cl)Cl)Cl)c2cc(c(c(c2Cl)Cl)Cl)Cl," 1,2,3,4-tetrachloro-5-(3,4,5-trichlorophenyl)benzene",-3.17,0.1,-0.82,0.04,-3.33,0.17,0.16,2.35,,,,,,,,,,0.03
mobley_4465023, C(=C\Cl)\Cl," (Z)-1,2-dichloroethylene",-1.17,0.6,1.16,0.02,-1.31,0.07,0.14,2.33,,,,,,,,,,0.02
mobley_1821184, Cc1c[nH]c2c1cccc2, 3-methyl-1H-indole,-5.88,0.6,-8.16,0.03,-5.75,0.04,0.13,2.28,,,,,,,,,,0.02
mobley_2577969, c1cc2ccc3cccc4c3c2c(c1)cc4, pyrene,-4.52,0.6,-6.79,0.04,-4.08,0.05,0.44,2.27,,,,,,,,,,0.19
mobley_9897248, CC(=CCC/C(=C\CO)/C)C," (2Z)-3,7-dimethylocta-2,6-dien-1-ol",-4.78,0.25,-2.6,0.04,-3.63,0.28,1.15,2.18,,,,,,,,,,1.32
mobley_9510785, c1ccc(cc1)c2cc(c(c(c2Cl)Cl)Cl)Cl," 1,2,3,4-tetrachloro-5-phenyl-benzene",-3.48,1,-1.31,0.04,-1.79,0.07,1.69,2.17,,,,,,,,,,2.86
mobley_5499659, Cn1ccnc1, 1-methylimidazole,-8.41,0.6,-6.28,0.02,-8.25,0.05,0.16,2.13,,,,,,,,,,0.03
mobley_9460824, CCOP(=S)(OCC)SCSCC, diethoxy-(ethylsulfanylmethylsulfanyl)-thioxo-$l^{5}-phosphane,-4.37,0.1,-6.43,0.05,-6.87,0.16,2.50,2.06,,,,,,,,,,
mobley_9073553, CSC, methylsulfanylmethane,-1.61,0.6,0.44,0.02,-1.24,0.07,0.37,2.05,,,,,,,,,,0.14
mobley_3266352, CN(CC(F)(F)F)c1ccccc1," N-methyl-N-(2,2,2-trifluoroethyl)aniline",-1.92,0.6,-3.96,0.03,-1.57,0.05,0.35,2.04,,,,,,,,,,0.12
mobley_4639255, C(CO)O, ethylene glycol,-9.3,0.6,-7.27,0.03,-8.66,0.08,0.64,2.03,,,,,,,,,,0.41
mobley_2269032, C[C@@H](c1ccc2cc(ccc2c1)OC)C(=O)O, naproxen,-10.21,0.18,-12.2,0.05,-6.75,0.48,3.46,1.99,,,,,,,,,,11.97
mobley_4603202, C(CCl)OCCCl, 1-chloro-2-(2-chloroethoxy)ethane,-4.23,0.2,-2.25,0.04,-2.58,0.19,1.65,1.98,,,,,,,,,,2.72
mobley_2725802, CC(=O)N1CCCC1, 1-pyrrolidin-1-ylethanone,-9.8,0.6,-7.83,0.03,-6.63,0.08,3.17,1.97,,,,,,,,,,10.05
mobley_7200804, c1ccc(c(c1)O)F, 2-fluorophenol,-5.29,0.6,-3.35,0.04,-4.39,0.12,0.90,1.94,,,,,,,,,,0.81
mobley_5816127, COCCO, 2-methoxyethanol,-6.62,0.4,-4.69,0.03,-5.88,0.04,0.74,1.93,,,,,,,,,,0.55
mobley_819018, CC(=CCC/C(=C/CO)/C)C," (2E)-3,7-dimethylocta-2,6-dien-1-ol",-4.45,0.24,-2.52,0.04,-4.04,0.13,0.41,1.93,,,,,,,,,,0.17
mobley_5286200, C(CCCl)CCl," 1,4-dichlorobutane",-2.32,0.6,-0.4,0.03,0.16,0.3,2.48,1.92,,,,,,,,,,6.15
mobley_5052949, CCCSCCC, 1-propylsulfanylpropane,-1.28,0.6,0.64,0.03,1.16,0.08,2.44,1.92,,,,,,,,,,5.95
mobley_2661134, c1cc(cc(c1)O)C#N, 3-hydroxybenzonitrile,-9.65,0.6,-7.74,0.03,-8.4,0.08,1.25,1.91,,,,,,,,,,1.56
mobley_2049967, CCSC, methylsulfanylethane,-1.5,0.2,0.39,0.02,0.83,0.05,2.33,1.89,,,,,,,,,,5.43
mobley_8320545, CC[N+](=O)[O-], 1-nitroethane,-3.71,0.6,-1.84,0.02,-5.84,0.02,2.13,1.87,,,,,,,,,,4.54
mobley_7913234, CCCCOC[C@H](C)O, 1-butoxy-2-propanol,-5.73,0.15,-3.89,0.04,-4.07,0.08,1.66,1.84,,,,,,,,,,2.76
mobley_3976574, c1cc2c(cc1Cl)Oc3c(c(c(c(c3Cl)Cl)Cl)Cl)O2," 1,2,3,4,7-pentachlorodibenzo-p-dioxin",-4.15,1,-2.31,0.04,-2.58,0.05,1.57,1.84,,,,,,,,,,2.46
mobley_6190089, C(C(Cl)Cl)(Cl)Cl," 1,1,2,2-tetrachloroethane",-2.37,0.1,-0.53,0.03,-0.26,0.19,2.11,1.84,,,,,,,,,,4.45
mobley_2960202, c1c2c(cc(c1Cl)Cl)Oc3c(c(c(c(c3Cl)Cl)Cl)Cl)O2," 1,2,3,4,7,8-hexachlorodibenzo-p-dioxin",-3.71,1,-1.88,0.04,-3.12,0.13,0.59,1.83,,,,,,,,,,0.35
mobley_9913368, C(=C/Cl)\Cl," (E)-1,2-dichloroethylene",-0.78,0.6,1.02,0.02,0.11,0.04,0.89,1.80,,,,,,,,,,0.79
mobley_2123854, c1cc(ccc1C#N)O, 4-hydroxybenzonitrile,-10.17,0.6,-8.39,0.03,-8.5,0.08,1.67,1.78,,,,,,,,,,2.79
mobley_1855337, c1c(cc(c(c1Cl)Cl)Cl)Cl," 1,2,3,5-tetrachlorobenzene",-1.62,0.6,0.14,0.03,-0.84,0.08,0.78,1.76,,,,,,,,,,0.61
mobley_4983965, CCSCC, ethylsulfanylethane,-1.46,0.6,0.3,0.02,0.89,0.04,2.35,1.76,,,,,,,,,,5.52
mobley_6474572, C=CCl, chloroethylene,-0.59,0.6,1.16,0.02,0.46,0.08,1.05,1.75,,,,,,,,,,1.10
mobley_7690440, CSSC, methyldisulfanylmethane,-1.83,0.6,-0.09,0.02,0.1,0.12,1.93,1.74,,,,,,,,,,3.72
mobley_4630641, COCCOC," 1,2-dimethoxyethane",-4.84,0.6,-3.1,0.03,-3.38,0.07,1.46,1.74,,,,,,,,,,2.13
mobley_2784376, C1CC1, cyclopropane,0.75,0.6,2.48,0.02,2.25,0.07,1.50,1.73,,,,,,,,,,2.25
mobley_1963873, CC(=O)NC, N-methylacetamide,-10,0.6,-8.28,0.02,-6.16,0.08,3.84,1.72,,,,,,,,,,14.75
mobley_9671033, CCC[N+](=O)[O-], 1-nitropropane,-3.34,0.6,-1.63,0.02,-5.66,0.07,2.32,1.71,,,,,,,,,,5.38
mobley_6266306, C1CNC1, azetidine,-5.56,0.6,-3.86,0.02,-2.88,0.02,2.68,1.70,,,,,,,,,,7.18
mobley_2659552, Cc1ccc(cc1)C(=O)N(C)C," N,N-4-trimethylbenzamide",-9.76,0.2,-8.08,0.04,-8.25,0.11,1.51,1.68,,,,,,,,,,2.28
mobley_7735340, c1cnc[nH]1, imidazole,-9.63,0.6,-7.97,0.02,-10.54,0.07,0.91,1.66,,,,,,,,,,0.83
mobley_7066554, c1cc(ccc1O)Cl, 4-chlorophenol,-7.03,0.6,-5.37,0.03,-5.15,0.05,1.88,1.66,,,,,,,,,,3.53
mobley_4395315, Cc1cc(ccc1Cl)O, 4-chloro-3-methyl-phenol,-6.79,0.6,-5.14,0.03,-4.57,0.04,2.22,1.65,,,,,,,,,,4.93
mobley_6006813, CCCC[N+](=O)[O-], 1-nitrobutane,-3.09,0.6,-1.45,0.03,-5.43,0.13,2.34,1.64,,,,,,,,,,5.48
mobley_2310185, CCO, ethanol,-5,0.6,-3.39,0.02,-4.49,0.06,0.51,1.61,,,,,,,,,,0.26
mobley_1636752, CO, methanol,-5.1,0.6,-3.49,0.02,-4.63,0.06,0.47,1.61,,,,,,,,,,0.22
mobley_7578802, C(Br)(Br)Br, bromoform,-2.13,0.6,-0.53,0.02,,,,1.60,,,,,,,,,,
mobley_1520842, Cc1ccncc1, 4-methylpyridine,-4.93,0.6,-3.34,0.03,-4.53,0.08,0.40,1.59,,,,,,,,,,0.16
mobley_8861672, Cc1ccnc(c1)C," 2,4-dimethylpyridine",-4.86,0.6,-3.28,0.03,-3.89,0.07,0.97,1.58,,,,,,,,,,0.94
mobley_468867, C1=C[C@@H]([C@@H]2[C@H]1[C@@]3(C(=C([C@]2(C3(Cl)Cl)Cl)Cl)Cl)Cl)Cl, heptachlor,-2.55,0.1,-0.97,0.04,-2.27,0.14,0.28,1.58,,,,,,,,,,0.08
mobley_197466, CC(=O)C1CC1, 1-cyclopropylethanone,-4.61,0.6,-3.04,0.03,-5.21,0.05,0.60,1.57,,,,,,,,,,0.36
mobley_6854178, CC(C)OC=O, isopropyl formate,-2.02,0.6,-3.59,0.03,-2.51,0.04,0.49,1.57,,,,,,,,,,0.24
mobley_7227357, CCC(CC)O, pentan-3-ol,-4.35,0.6,-2.79,0.03,-2.89,0.08,1.46,1.56,,,,,,,,,,2.13
mobley_9507933, Cc1ccc(nc1)C," 2,5-dimethylpyridine",-4.72,0.6,-3.17,0.03,-3.05,0.14,1.67,1.55,,,,,,,,,,2.79
mobley_5977084, Cc1cccnc1, 3-methylpyridine,-4.77,0.6,-3.22,0.03,-3.66,0.05,1.11,1.55,,,,,,,,,,1.23
mobley_6303022, CCc1ccncc1, 4-ethylpyridine,-4.73,0.6,-3.19,0.03,-3.78,0.05,0.95,1.54,,,,,,,,,,0.90
mobley_6917738, COCCN, 2-methoxyethanamine,-6.55,0.6,-5.03,0.03,-3.15,0.08,3.40,1.52,,,,,,,,,,11.56
mobley_3325209, COC(c1ccccc1)(OC)OC, trimethoxymethylbenzene,-4.04,0.6,-5.56,0.04,-3.26,0.11,0.78,1.52,,,,,,,,,,0.61
mobley_313406, CCCO, propan-1-ol,-4.85,0.6,-3.33,0.02,-4.07,0.04,0.78,1.52,,,,,,,,,,0.61
mobley_1858644, c1ccc(cc1)CCO, 2-phenylethanol,-6.79,0.6,-5.28,0.03,-5.56,0.07,1.23,1.51,,,,,,,,,,1.51
mobley_7099614, C=CCCl, 3-chloroprop-1-ene,-0.57,0.6,0.94,0.02,0.34,0.05,0.91,1.51,,,,,,,,,,0.83
mobley_6727159, C(CO[N+](=O)[O-])O, 2-(nitrooxy)ethan-1-ol,-8.18,0.1,-6.68,0.03,-6.61,0.07,1.57,1.50,,,,,,,,,,2.46
mobley_9838013, CCC(C)(C)O, 2-methylbutan-2-ol,-4.43,0.6,-2.93,0.03,-2.02,0.09,2.41,1.50,,,,,,,,,,5.81
mobley_5311804, c1ccc(cc1)CO, phenylmethanol,-6.62,0.6,-5.13,0.03,-6.31,0.11,0.31,1.49,,,,,,,,,,0.10
mobley_3686115, CCOC(C)OCC," 1,1-diethoxyethane",-3.28,0.2,-1.79,0.04,-2.3,0.11,0.98,1.49,,,,,,,,,,0.96
mobley_7977115, CCC[C@H](CC)O, hexan-3-ol,-4.06,0.6,-2.58,0.03,-2.78,0.04,1.28,1.48,,,,,,,,,,1.64
mobley_1903702, CC[C@H](C)O, butan-2-ol,-4.62,0.6,-3.15,0.03,-3.43,0.08,1.19,1.47,,,,,,,,,,1.42
mobley_9624458, C(CCl)CCl," 1,3-dichloropropane",-1.89,0.6,-0.42,0.02,0.13,0.27,2.02,1.47,,,,,,,,,,4.08
mobley_1944394, CN(C)CCOC(c1ccccc1)c2ccccc2, [2-benzhydryloxyethyl]-dimethyl-amine,-9.34,0.62,-7.87,0.06,-3.72,0.4,5.62,1.47,,,,,,,,,,31.58
mobley_7610437, CC[C@H](C(C)C)O, 2-methylpentan-3-ol,-3.88,0.6,-2.42,0.03,-2.49,0.11,1.39,1.46,,,,,,,,,,1.93
mobley_4371692, c1ccc2c(c1)C(=O)c3c(ccc(c3C2=O)O)N," 1-amino-4-hydroxy-9,10-anthracenedione",-9.53,0.28,-10.98,0.05,-11.34,0.04,1.81,1.45,,,,,,,,,,3.28
mobley_9246215, C=CCC=C," penta-1,4-diene",0.93,0.6,2.36,0.02,0.74,0.04,0.19,1.43,,,,,,,,,,0.04
mobley_2958326, CCCNCCC, N-propylpropan-1-amine,-3.65,0.6,-2.23,0.03,-0.84,0.09,2.81,1.42,,,,,,,,,,7.90
mobley_3546460, CCCCCCO, hexan-1-ol,-4.4,0.6,-3,0.03,-3.61,0.04,0.79,1.40,,,,,,,,,,0.62
mobley_36119, CCCCCCCCO, octan-1-ol,-4.09,0.6,-2.69,0.03,-3.19,0.2,0.90,1.40,,,,,,,,,,0.81
mobley_5600967, CN(C)C(=O)c1ccc(cc1)OC," 4-methoxy-N,N-dimethyl-benzamide",-11.01,0.6,-9.62,0.04,-10.13,0.16,0.88,1.39,,,,,,,,,,0.77
mobley_9740891, c1cc(c(c(c1)Cl)C#N)Cl, dichlobenil,-4.71,1.93,-3.32,0.03,-4.97,0.12,0.26,1.39,,,,,,,,,,0.07
mobley_2245668, CC(C)CO, 2-methylpropan-1-ol,-4.5,0.6,-3.13,0.03,-3.58,0.04,0.92,1.37,,,,,,,,,,0.85
mobley_4893032, CCCCC#N, pentanenitrile,-3.52,0.6,-2.15,0.02,-2.89,0.08,0.63,1.37,,,,,,,,,,0.40
mobley_8124669, CCc1cccc(c1N(COC)C(=O)CCl)CC, alachlor,-8.21,0.29,-6.85,0.05,-7.86,0.23,0.35,1.36,,,,,,,,,,0.12
mobley_2996632, C(Cl)(Cl)Cl, chloroform,-1.08,0.6,0.28,0.02,,,,1.36,,,,,,,,,,
mobley_9974966, CC(C)SC(C)C, 2-isopropylsulfanylpropane,-1.21,0.6,0.14,0.03,1.81,0.12,3.02,1.35,,,,,,,,,,9.12
mobley_3762186, C(Cl)Cl, dichloromethane,-1.31,0.6,0.04,0.02,0.49,0.04,1.80,1.35,,,,,,,,,,3.24
mobley_3269565, CC(C)OC, 2-methoxypropane,-2.01,0.6,-0.66,0.02,-0.4,0.07,1.61,1.35,,,,,,,,,,2.59
mobley_4305650, CCC#N, propanenitrile,-3.84,0.6,-2.49,0.02,-2.51,0.07,1.33,1.35,,,,,,,,,,1.77
mobley_9185328, CCCN, propan-1-amine,-4.39,0.6,-3.05,0.02,-1.05,0.03,3.34,1.34,,,,,,,,,,11.16
mobley_2410897, CCN, ethanamine,-4.5,0.6,-3.16,0.02,-1.2,0.02,3.30,1.34,,,,,,,,,,10.89
mobley_1893815, C(C(Cl)(Cl)Cl)Cl," 1,1,1,2-tetrachloroethane",-1.43,0.1,-0.09,0.03,-0.3,0.07,1.13,1.34,,,,,,,,,,1.28
mobley_5056289, C[C@H]1CCCO1, 2-methyltetrahydrofuran,-3.3,0.6,-1.98,0.02,-1.96,0.08,1.34,1.32,,,,,,,,,,1.80
mobley_3378420, CCCCCCCCCO, nonan-1-ol,-3.88,0.6,-2.56,0.03,-2.96,0.09,0.92,1.32,,,,,,,,,,0.85
mobley_4434915, CCl, chloromethane,-0.55,0.6,0.76,0.01,1.21,0.06,1.76,1.31,,,,,,,,,,3.10
mobley_7326982, CC(C)O, propan-2-ol,-4.74,0.6,-3.43,0.02,-3.91,0.05,0.83,1.31,,,,,,,,,,0.69
mobley_3395921, C1CCOCC1, tetrahydropyran,-3.12,0.6,-1.81,0.02,-2.46,0.07,0.66,1.31,,,,,,,,,,0.44
mobley_2294995, CCOC=O, ethyl formate,-2.56,0.6,-3.87,0.02,-2.7,0.12,0.14,1.31,,,,,,,,,,0.02
mobley_5692472, CNC, N-methylmethanamine,-4.29,0.6,-2.99,0.02,-3.06,0.01,1.23,1.30,,,,,,,,,,1.51
mobley_2492140, C(C(Cl)(Cl)Cl)(Cl)Cl," 1,1,1,2,2-pentachloroethane",-1.23,0.1,0.06,0.03,-0.8,0.12,0.43,1.29,,,,,,,,,,0.18
mobley_2613240, COc1ccccc1OC," 1,2-dimethoxybenzene",-5.33,0.1,-4.05,0.03,-1.85,1.64,3.48,1.28,,,,,,,,,,12.11
mobley_9733743, CCCCN, butan-1-amine,-4.24,0.6,-2.96,0.03,-1.01,0.02,3.23,1.28,,,,,,,,,,10.43
mobley_7010316, C1CCC(CC1)O, cyclohexanol,-5.46,0.6,-4.18,0.03,-3.39,0.3,2.07,1.28,,,,,,,,,,4.28
mobley_4924862, CC(C)CCOC=O, isopentyl formate,-2.13,0.6,-3.41,0.03,-1.89,0.03,0.24,1.28,,,,,,,,,,0.06
mobley_8983100, CBr, bromomethane,-0.82,0.6,0.46,0.02,0.37,0.05,1.19,1.28,,,,,,,,,,1.42
mobley_1893937, CCCCCCCl, 1-chlorohexane,0,0.6,1.26,0.03,1.69,0.12,1.69,1.26,,,,,,,,,,2.86
mobley_766666, C(=C(Cl)Cl)Cl," 1,1,2-trichloroethylene",-0.44,0.6,0.82,0.02,-0.63,0.05,0.19,1.26,,,,,,,,,,0.04
mobley_1717215, COC=O, methyl formate,-2.78,0.6,-4.03,0.02,-3.27,0.01,0.49,1.25,,,,,,,,,,0.24
mobley_5917842, Cc1ccc(c(c1)OC)O, 4-methyl-2-methoxyphenol,-5.8,0.1,-4.55,0.04,-3.85,0.19,1.95,1.25,,,,,,,,,,3.80
mobley_6309289, C1CCNCC1, piperidine,-5.11,0.6,-3.87,0.03,-2.55,0.08,2.56,1.24,,,,,,,,,,6.55
mobley_637522, c1ccc2cc3ccccc3cc2c1, anthracene,-3.95,0.6,-5.19,0.04,-2.92,0.06,1.03,1.24,,,,,,,,,,1.06
mobley_7455579, CC(C)COC=O, isobutyl formate,-2.22,0.6,-3.46,0.03,-1.85,0.09,0.37,1.24,,,,,,,,,,0.14
mobley_852937, c1cc(ccc1O)F, 4-fluorophenol,-6.19,0.6,-4.96,0.03,-5.69,0.01,0.50,1.23,,,,,,,,,,0.25
mobley_8705848, CC(C)NC(C)C, N-isopropylpropan-2-amine,-3.22,0.6,-1.99,0.03,0.14,0.75,3.36,1.23,,,,,,,,,,11.29
mobley_7176248, CCCN(CCC)c1c(cc(cc1[N+](=O)[O-])C(F)(F)F)[N+](=O)[O-], trifluralin,-3.25,0.1,-2.02,0.04,-6.33,0.19,3.08,1.23,,,,,,,,,,9.49
mobley_994483, CCBr, bromoethane,-0.74,0.6,0.49,0.02,-0.45,0.05,0.29,1.23,,,,,,,,,,0.08
mobley_7988076, c1cc(ccc1C=O)O, 4-hydroxybenzaldehyde,-8.83,0.6,-10.05,0.03,-7.7,0.11,1.13,1.22,,,,,,,,,,1.28
mobley_8754702, CCCOC=O, propyl formate,-2.48,0.6,-3.7,0.02,-2.57,0.04,0.09,1.22,,,,,,,,,,0.01
mobley_7829570, CCCC[N@](CC)c1c(cc(cc1[N+](=O)[O-])C(F)(F)F)[N+](=O)[O-]," N-butyl-N-ethyl-2,6-dinitro-4-(trifluoromethyl)aniline",-3.51,1.93,-2.3,0.05,-6.6,0.33,3.09,1.21,,,,,,,,,,9.55
mobley_7150646, c1cc(ccc1Br)Br," 1,4-dibromobenzene",-2.3,0.6,-1.09,0.03,-1.96,0.12,0.34,1.21,,,,,,,,,,0.12
mobley_5708811, COc1c(ccc(c1C(=O)O)Cl)Cl, dicamba,-9.86,1.93,-8.66,0.04,-8.39,0.52,1.47,1.20,,,,,,,,,,2.16
mobley_3515580, COc1ccccc1O, 2-methoxyphenol,-5.94,0.1,-4.75,0.04,-3.66,0.84,2.28,1.19,,,,,,,,,,5.20
mobley_3151666, CCCCCCCCCCO, decan-1-ol,-3.64,0.6,-2.45,0.04,-2.81,0.15,0.83,1.19,,,,,,,,,,0.69
mobley_9653690, CC1=CC[C@H](C[C@@H]1O)C(=C)C," (1S,5R)-2-methyl-5-(1-methylethenyl)-2-cyclohexen-1-ol",-4.44,0.43,-3.26,0.04,-3.69,0.13,0.75,1.18,,,,,,,,,,0.56
mobley_296847, c1ccncc1, pyridine,-4.69,0.6,-3.51,0.02,-4.49,0.05,0.20,1.18,,,,,,,,,,0.04
mobley_6060301, CCCCCCN, hexan-1-amine,-3.95,0.6,-2.77,0.03,-0.54,0.08,3.41,1.18,,,,,,,,,,11.63
mobley_2178600, CCCCCCl, 1-chloro-pentane,-0.1,0.2,1.08,0.03,1.46,0.12,1.56,1.18,,,,,,,,,,2.43
mobley_7157427, CCCCCCCCl, 1-chloroheptane,0.29,0.6,1.47,0.03,1.9,0.2,1.61,1.18,,,,,,,,,,2.59
mobley_2844990, c1cc2c(cc1Cl)Oc3cc(c(c(c3O2)Cl)Cl)Cl," 1,2,3,7-tetrachlorodibenzo-p-dioxin",-3.84,1,-2.66,0.04,-2.68,0.02,1.16,1.18,,,,,,,,,,1.35
mobley_1650157, CC(C)(C)O, 2-methylpropan-2-ol,-4.47,0.6,-3.29,0.03,-3.96,0.07,0.51,1.18,,,,,,,,,,0.26
mobley_299266, CC(=C)C, 2-methylprop-1-ene,1.16,0.6,2.33,0.02,1.39,0.05,0.23,1.17,,,,,,,,,,0.05
mobley_8764620, c1cc(cnc1)C#N, pyridine-3-carbonitrile,-6.75,0.6,-5.58,0.03,-7.6,0.07,0.85,1.17,,,,,,,,,,0.72
mobley_6195751, COc1c(c(c(c(c1Cl)C=O)Cl)OC)O," 2,6-dichlorosyringaldehyde",-8.68,0.76,-9.85,0.04,,,,1.17,,,,,,,,,,
mobley_7860938, CCCCNCCCC, N-butylbutan-1-amine,-3.24,0.6,-2.08,0.03,-0.41,0.13,2.83,1.16,,,,,,,,,,8.01
mobley_7542832, CCCOCCC, 1-propoxypropane,-1.16,0.6,0,0.03,-0.21,0.05,0.95,1.16,,,,,,,,,,0.90
mobley_7463799, c1ccc(cc1)CCCO, 3-phenylpropan-1-ol,-6.92,0.6,-5.77,0.04,-5.88,0.05,1.04,1.15,,,,,,,,,,1.08
mobley_7768165, C(CBr)Cl, 1-bromo-2-chloro-ethane,-1.95,0.6,-0.8,0.02,0.01,0.09,1.96,1.15,,,,,,,,,,3.84
mobley_4584540, Cc1cccc(n1)C," 2,6-dimethylpyridine",-4.59,0.6,-3.44,0.03,-2.92,0.07,1.67,1.15,,,,,,,,,,2.79
mobley_3639400, CCCCCl, 1-chlorobutane,-0.16,0.6,0.99,0.02,1.27,0.14,1.43,1.15,,,,,,,,,,2.04
mobley_8765203, CC(=C)C=C, isoprene,0.68,0.6,1.82,0.02,-0.05,0.05,0.73,1.14,,,,,,,,,,0.53
mobley_7708038, CCCBr, 1-bromopropane,-0.56,0.6,0.58,0.02,0.01,0.06,0.57,1.14,,,,,,,,,,0.32
mobley_3359593, CCCc1ccc(c(c1)OC)O, 4-propylguaiacol,-5.26,0.18,-4.13,0.05,-3.29,0.16,1.97,1.13,,,,,,,,,,3.88
mobley_4287564, Cc1ccccn1, 2-methylpyridine,-4.63,0.6,-3.5,0.03,-3.74,0.06,0.89,1.13,,,,,,,,,,0.79
mobley_7393673, COc1ccc(cc1)C(=O)OC, methyl 4-methoxybenzoate,-5.33,0.6,-6.46,0.03,-5.07,0.05,0.26,1.13,,,,,,,,,,0.07
mobley_2681549, c1c(cc(cc1Cl)Cl)Cl," 1,3,5-trichlorobenzene",-0.78,0.6,0.33,0.03,-0.3,0.08,0.48,1.11,,,,,,,,,,0.23
mobley_6359135, C(Cl)(Cl)(Cl)Cl, carbon tetrachloride,0.08,0.6,1.19,0.02,,,,1.11,,,,,,,,,,
mobley_4762983, CCCCCC=C, hept-1-ene,1.66,0.6,2.76,0.03,2.27,0.1,0.61,1.10,,,,,,,,,,0.37
mobley_2802855, CCCCBr, 1-bromobutane,-0.4,0.6,0.7,0.02,0.07,0.08,0.47,1.10,,,,,,,,,,0.22
mobley_8427539, CCC(=O)N, propionamide,-9.4,0.2,-8.31,0.02,-7.53,0.07,1.87,1.09,,,,,,,,,,3.50
mobley_7532833, CC#N, acetonitrile,-3.88,0.6,-2.79,0.02,-3.58,0.07,0.30,1.09,,,,,,,,,,0.09
mobley_8426916, CCNCC, N-ethylethanamine,-4.07,0.6,-2.99,0.03,0.29,0.1,4.36,1.08,,,,,,,,,,19.01
mobley_6978427, COC(=O)C1CCCCC1, methyl cyclohexanecarboxylate,-3.3,0.6,-4.38,0.03,-2.4,0.55,0.90,1.08,,,,,,,,,,0.81
mobley_951560, C1CNCCN1, piperazine,-7.4,0.6,-8.48,0.03,-6.94,0.37,0.46,1.08,,,,,,,,,,0.21
mobley_9705941, Cc1cccs1, 2-methylthiophene,-1.38,0.6,-0.3,0.02,-0.9,0.06,0.48,1.08,,,,,,,,,,0.23
mobley_6248915, CCCCCCCCN, octan-1-amine,-3.65,0.6,-2.59,0.03,-0.21,0.02,3.44,1.06,,,,,,,,,,11.83
mobley_1792062, C(CBr)Br," 1,2-dibromoethane",-2.33,0.6,-1.27,0.02,-1.01,0.11,1.32,1.06,,,,,,,,,,1.74
mobley_2422586, CCCOC, 1-methoxypropane,-1.66,0.6,-0.6,0.02,-0.71,0.05,0.95,1.06,,,,,,,,,,0.90
mobley_2261979, c1cc2cccc3c2c(c1)CC3, acenaphthene,-3.15,0.6,-4.2,0.03,-2.11,0.1,1.04,1.05,,,,,,,,,,1.08
mobley_6091882, C=C, ethylene,1.28,0.6,2.33,0.01,1.19,0.01,0.09,1.05,,,,,,,,,,0.01
mobley_5520946, c1ccc(cc1)S, benzenethiol,-2.55,0.6,-1.5,0.03,-1.49,0.1,1.06,1.05,,,,,,,,,,1.12
mobley_1659169, C1COCCN1, morpholine,-7.17,0.6,-6.12,0.03,-6.19,0.12,0.98,1.05,,,,,,,,,,0.96
mobley_5310099, CCCCC=C, hex-1-ene,1.58,0.6,2.63,0.03,1.97,0.06,0.39,1.05,,,,,,,,,,0.15
mobley_628951, c1cc(c(c(c1)Cl)c2c(cccc2Cl)Cl)Cl," 1,3-dichloro-2-(2,6-dichlorophenyl)benzene",-2.28,0.12,-1.23,0.04,-1.9,0.04,0.38,1.05,,,,,,,,,,0.14
mobley_3969312, c1ccc(cc1)C=O, benzaldehyde,-4.02,0.6,-5.06,0.03,-3.1,0.04,0.92,1.04,,,,,,,,,,0.85
mobley_3211679, C1CCC=CC1, cyclohexene,0.14,0.1,1.18,0.02,0.81,0.04,0.67,1.04,,,,,,,,,,0.45
mobley_2972906, c1ccsc1, thiophene,-1.4,0.2,-0.36,0.02,-1.93,0.03,0.53,1.04,,,,,,,,,,0.28
mobley_4219614, c1cc(c(c(c1Cl)Cl)Cl)Cl," 1,2,3,4-tetrachlorobenzene",-1.34,0.6,-0.3,0.03,-1.55,0.09,0.21,1.04,,,,,,,,,,0.04
mobley_6743808, Cc1ccc(cc1C)O," 3,4-dimethylphenol",-6.5,0.6,-5.47,0.03,-4.46,0.08,2.04,1.03,,,,,,,,,,4.16
mobley_4780078, Cc1ccc(c(c1)C)O," 2,4-dimethylphenol",-6.01,0.6,-4.98,0.03,-3.8,0.04,2.21,1.03,,,,,,,,,,4.88
mobley_7774695, CNc1ccccc1, N-methylaniline,-4.69,0.6,-5.72,0.03,-2.81,0.04,1.88,1.03,,,,,,,,,,3.53
mobley_1899443, CCCC(=C)C, 2-methylpent-1-ene,1.47,0.6,2.49,0.03,1.89,0.12,0.42,1.02,,,,,,,,,,0.18
mobley_5538249, c1ccc(cc1)c2c(cc(cc2Cl)Cl)Cl," 1,3,5-trichloro-2-phenyl-benzene",-2.16,0.1,-1.15,0.04,-1.33,0.06,0.83,1.01,,,,,,,,,,0.69
mobley_303222, CC=C, prop-1-ene,1.32,0.6,2.33,0.02,1.43,0.03,0.11,1.01,,,,,,,,,,0.01
mobley_1571523, Cc1cccc(c1C)O," 2,3-dimethylphenol",-6.16,0.6,-5.15,0.03,-3.86,0.1,2.30,1.01,,,,,,,,,,5.29
mobley_7608435, CCCCCCCC(=O)OC, methyl octanoate,-2.04,0.6,-3.04,0.04,-3.2,0.1,1.16,1.00,,,,,,,,,,1.35
mobley_3968739, COC(=O)c1ccccc1, methyl benzoate,-3.92,0.6,-4.92,0.03,-2.93,0.12,0.99,1.00,,,,,,,,,,0.98
mobley_5616693, C[C@@H]1CC[C@H](C(=O)C1)C(C)C," (2S,5R)-2-isopropyl-5-methylcyclohexanone",-2.53,0.25,-3.52,0.03,-3.86,0.38,1.33,0.99,,,,,,,,,,1.77
mobley_1662128, CCC=C, but-1-ene,1.38,0.6,2.37,0.02,1.67,0.07,0.29,0.99,,,,,,,,,,0.08
mobley_2354112, CCc1cccc(c1)O, 3-ethylphenol,-6.25,0.6,-5.27,0.03,-4.13,0.07,2.12,0.98,,,,,,,,,,4.49
mobley_9197172, CCCCCCC=C, oct-1-ene,1.92,0.6,2.9,0.03,2.41,0.06,0.49,0.98,,,,,,,,,,0.24
mobley_5326154, CN(C)c1ccccc1," N,N-dimethylaniline",-3.45,0.6,-4.43,0.03,-1.8,0.04,1.65,0.98,,,,,,,,,,2.72
mobley_6714389, CN, methanamine,-4.55,0.6,-3.58,0.02,-3.57,0.01,0.98,0.97,,,,,,,,,,0.96
mobley_778352, CC=C(C)C, 2-methylbut-2-ene,1.31,0.6,2.27,0.02,1.74,0.05,0.43,0.96,,,,,,,,,,0.18
mobley_1755375, Cc1cccc(c1O)C," 2,6-dimethylphenol",-5.26,0.6,-4.31,0.03,-3.17,0.09,2.09,0.95,,,,,,,,,,4.37
mobley_7239499, c1ccc2c(c1)Oc3cccc(c3O2)Cl, 1-chlorodibenzo-p-dioxin,-3.52,0.1,-4.47,0.04,-2.02,0.07,1.50,0.95,,,,,,,,,,2.25
mobley_5371840, c1ccc2c(c1)Oc3ccc(cc3O2)Cl, 2-chlorodibenzo-p-dioxin,-3.1,0.1,-4.05,0.04,-1.98,0.17,1.12,0.95,,,,,,,,,,1.25
mobley_3589456, COC(CCl)(OC)OC," 2-chloro-1,1,1-trimethoxy-ethane",-4.59,0.6,-3.64,0.03,-5.56,0.55,0.97,0.95,,,,,,,,,,0.94
mobley_3709920, CCCCCCCC=C, non-1-ene,2.06,0.6,3,0.03,2.61,0.1,0.55,0.94,,,,,,,,,,0.30
mobley_2341732, CCCCC(=O)OC, methyl pentanoate,-2.56,0.6,-3.49,0.03,-3.87,0.09,1.31,0.93,,,,,,,,,,1.72
mobley_6235784, CC[C@H](C)Cl, 2-chlorobutane,0,0.6,0.93,0.02,1.7,0.16,1.70,0.93,,,,,,,,,,2.89
mobley_9434451, CC(C)Br, 2-bromopropane,-0.48,0.6,0.45,0.02,1.16,0.07,1.64,0.93,,,,,,,,,,2.69
mobley_525934, CS, methanethiol,-1.2,0.2,-0.27,0.02,-0.15,0.04,1.05,0.93,,,,,,,,,,1.10
mobley_186894, CCCS, propanethiol,-1.1,0.2,-0.18,0.02,0.29,0.03,1.39,0.92,,,,,,,,,,1.93
mobley_3738859, CCCCCBr, 1-bromo-pentane,-0.1,0.2,0.82,0.03,0.29,0.04,0.39,0.92,,,,,,,,,,0.15
mobley_9565165, c1ccc-2c(c1)Cc3c2cccc3, 9H-fluorene,-3.35,0.6,-4.27,0.03,-8.54,0.05,5.19,0.92,,,,,,,,,,26.94
mobley_3144334, Cc1ccc(c(c1)O)C," 2,5-dimethylphenol",-5.91,0.6,-5.01,0.03,-3.78,0.13,2.13,0.90,,,,,,,,,,4.54
mobley_929676, CCCCCCBr, 1-bromohexane,0.18,0.6,1.08,0.03,0.53,0.02,0.35,0.90,,,,,,,,,,0.12
mobley_1781152, CC(C)(C)C(=O)OC," methyl 2,2-dimethylpropanoate",-2.4,0.6,-3.3,0.03,-2.46,0.04,0.06,0.90,,,,,,,,,,0.00
mobley_2126135, CCc1ccccc1O, 2-ethylphenol,-5.66,0.1,-4.77,0.03,-3.07,0.05,2.59,0.89,,,,,,,,,,6.71
mobley_8048190, CC(=O)N, acetamide,-9.71,0.6,-8.82,0.02,-7.64,0.07,2.07,0.89,,,,,,,,,,4.28
mobley_6456034, CC(C)COC(=O)C(C)C, isobutyl 2-methylpropanoate,-1.69,0.6,-2.58,0.03,-0.68,0.14,1.01,0.89,,,,,,,,,,1.02
mobley_9729792, C1C=CC=CC=C1," cyclohepta-1,3,5-triene",-0.99,0.6,-0.1,0.03,-1.61,0.07,0.62,0.89,,,,,,,,,,0.38
mobley_8827942, c1ccc2c(c1)Oc3c(cc(c(c3O2)Cl)Cl)Cl," 1,2,4-trichlorodibenzo-p-dioxin",-4.05,0.1,-3.16,0.04,-1.92,0.07,2.13,0.89,,,,,,,,,,4.54
mobley_20524, c1ccc(cc1)O, phenol,-6.6,0.2,-5.71,0.03,-4.66,0.04,1.94,0.89,,,,,,,,,,3.76
mobley_8011706, CN(C)C=O," N,N-dimethylformamide",-7.81,0.6,-6.93,0.02,-6.92,0.07,0.89,0.88,,,,,,,,,,0.79
mobley_2517158, CCCCCCCBr, 1-bromoheptane,0.34,0.6,1.22,0.03,0.73,0.09,0.39,0.88,,,,,,,,,,0.15
mobley_5471704, CC(C)CCOC(=O)C, isopentyl acetate,-2.21,0.6,-3.07,0.03,-2.2,0.13,0.01,0.86,,,,,,,,,,0.00
mobley_4043951, CCCC=C, pent-1-ene,1.68,0.6,2.53,0.02,1.76,0.08,0.08,0.85,,,,,,,,,,0.01
mobley_9015240, CCCCCCCCBr, 1-bromooctane,0.52,0.6,1.35,0.03,0.86,0.06,0.34,0.83,,,,,,,,,,0.12
mobley_2845466, c1c2c(cc(c1Cl)Cl)Oc3cc(c(cc3O2)Cl)Cl," 2,3,7,8-tetrachlorodibenzo-p-dioxin",-3.37,1,-2.54,0.04,-3.13,0.08,0.24,0.83,,,,,,,,,,0.06
mobley_7009711, Cc1cc(cc(c1)O)C," 3,5-dimethylphenol",-6.27,0.6,-5.44,0.03,-4.33,0.08,1.94,0.83,,,,,,,,,,3.76
mobley_4035953, Cc1ccccc1O, o-cresol,-5.9,0.2,-5.08,0.03,-4,0.04,1.90,0.82,,,,,,,,,,3.61
mobley_4553008, c1cc(ccc1Cl)Cl," 1,4-dichlorobenzene",-1.01,0.6,-0.19,0.03,-1.23,0.08,0.22,0.82,,,,,,,,,,0.05
mobley_5123639, C[C@H](CC(C)C)O, 4-methylpentan-2-ol,-3.73,0.6,-2.91,0.03,-2.68,0.14,1.05,0.82,,,,,,,,,,1.10
mobley_282648, c1ccc2ccccc2c1, naphthalene,-2.4,0.6,-3.21,0.03,-1.67,0.07,0.73,0.81,,,,,,,,,,0.53
mobley_2489709, c1ccc(c(c1)Cl)Cl," 1,2-dichlorobenzene",-1.36,0.6,-0.55,0.03,-0.87,0.07,0.49,0.81,,,,,,,,,,0.24
mobley_6973347, CCOC(=O)C, ethyl acetate,-2.94,0.6,-3.75,0.03,-3.04,0.05,0.10,0.81,,,,,,,,,,0.01
mobley_627267, CC(C)CBr, 1-bromo-2-methyl-propane,-0.03,0.6,0.76,0.02,0.17,0.1,0.20,0.79,,,,,,,,,,0.04
mobley_2837389, c1cc[nH]c1, pyrrole,-4.78,0.6,-4.01,0.02,-4.93,0.05,0.15,0.77,,,,,,,,,,0.02
mobley_9414831, Cc1cccc2c1cccc2, 1-methylnaphthalene,-2.44,0.6,-3.21,0.03,-1.42,0.05,1.02,0.77,,,,,,,,,,1.04
mobley_2364370, CCCCOC(=O)C, butyl acetate,-2.64,0.6,-3.41,0.03,-2.56,0.11,0.08,0.77,,,,,,,,,,0.01
mobley_4483973, c1ccc(cc1)F, fluorobenzene,-0.8,0.6,-0.04,0.02,-0.91,0.08,0.11,0.76,,,,,,,,,,0.01
mobley_6175884, Cc1ccc(cc1)C=O, 4-methylbenzaldehyde,-4.27,0.6,-5.01,0.03,-2.89,0.05,1.38,0.74,,,,,,,,,,1.90
mobley_1800170, CCS, ethanethiol,-1.14,0.6,-0.4,0.02,0.03,0.06,1.17,0.74,,,,,,,,,,1.37
mobley_3682850, C1CCC(=O)CC1, cyclohexanone,-4.91,0.6,-4.18,0.03,-3.07,0.09,1.84,0.73,,,,,,,,,,3.39
mobley_6981465, CC(C)OC(=O)C, isopropyl acetate,-2.64,0.6,-3.37,0.03,-2.9,0.13,0.26,0.73,,,,,,,,,,0.07
mobley_3980099, c1cc(c(c(c1)Cl)Cl)Cl," 1,2,3-trichlorobenzene",-1.24,0.6,-0.51,0.03,-1.14,0.08,0.10,0.73,,,,,,,,,,0.01
mobley_6081058, CCCCC/C=C/C=O, oct-2-enal,-3.43,0.6,-2.71,0.03,-4.84,0.17,1.41,0.72,,,,,,,,,,1.99
mobley_5390332, CCCC(=O)OC, methyl butanoate,-2.83,0.6,-3.55,0.03,-3.49,0.1,0.66,0.72,,,,,,,,,,0.44
mobley_3210206, C[C@@H](CO[N+](=O)[O-])O[N+](=O)[O-]," 1,2-dinitroxypropane",-4.95,0.1,-5.65,0.04,-3.09,0.49,1.86,0.70,,,,,,,,,,3.46
mobley_1592519, CCCCCC(=O)OCC, ethyl hexanoate,-2.23,0.6,-2.93,0.03,-2.3,0.07,0.07,0.70,,,,,,,,,,0.00
mobley_3761215, CC(Cl)(Cl)Cl," 1,1,1-trichloroethane",-0.19,0.6,0.51,0.02,-0.48,0.07,0.29,0.70,,,,,,,,,,0.08
mobley_2457863, COc1cccc(c1)O, 3-methoxyphenol,-7.66,0.6,-6.97,0.04,-6.47,0.05,1.19,0.69,,,,,,,,,,1.42
mobley_6257907, c1cc(cc(c1)Cl)N, 3-chloroaniline,-5.82,0.6,-5.14,0.03,-4.15,0.05,1.67,0.68,,,,,,,,,,2.79
mobley_3398536, c1ccc(cc1)I, iodobenzene,-1.74,0.6,-1.06,0.03,-1.43,0.15,0.31,0.68,,,,,,,,,,0.10
mobley_7676709, CC1=CC(=O)[C@@H](CC1)C(C)C, 6-isopropyl-3-methyl-1-cyclohex-2-enone,-4.51,0.1,-3.83,0.03,-4.25,0.22,0.26,0.68,,,,,,,,,,0.07
mobley_1760914, Cc1ccccc1Cl, 1-chloro-2-methyl-benzene,-1.14,0.6,-0.47,0.03,0.04,0.05,1.18,0.67,,,,,,,,,,1.39
mobley_8885088, C1CC=CC1, cyclopentene,0.56,0.6,1.23,0.02,1.46,0.03,0.90,0.67,,,,,,,,,,0.81
mobley_590519, CCSSCC, ethyldisulfanylethane,-1.64,0.6,-0.98,0.03,0.58,0.09,2.22,0.66,,,,,,,,,,4.93
mobley_8966374, Cc1cnccn1, 2-methylpyrazine,-5.51,0.6,-6.16,0.03,-5.2,0.04,0.31,0.65,,,,,,,,,,0.10
mobley_5072416, COc1ccccc1N, 2-methoxyaniline,-6.12,0.6,-6.77,0.03,-6.02,0.21,0.10,0.65,,,,,,,,,,0.01
mobley_2008055, CC, ethane,1.83,0.6,2.46,0.01,2.27,0.04,0.44,0.63,,,,,,,,,,0.19
mobley_4964807, CC(=O)CO[N+](=O)[O-], nitroxyacetone,-5.99,0.1,-5.36,0.03,-6.32,0.11,0.33,0.63,,,,,,,,,,0.11
mobley_676247, C(F)(F)(F)F, tetrafluoromethane,3.12,0.6,2.49,0.02,,,,0.63,,,,,,,,,,
mobley_8723116, c1cc(ccc1N)Cl, 4-chloroaniline,-5.9,0.6,-5.28,0.03,-4.33,0.01,1.57,0.62,,,,,,,,,,2.46
mobley_2143011, CC(C)C=C, 3-methylbut-1-ene,1.83,0.6,2.45,0.02,1.75,0.18,0.08,0.62,,,,,,,,,,0.01
mobley_8883511, Cc1ccccc1C=O, 2-methylbenzaldehyde,-3.93,0.1,-4.55,0.03,-2.68,0.08,1.25,0.62,,,,,,,,,,1.56
mobley_6619554, CCCCC(=O)OCC, ethyl pentanoate,-2.49,0.6,-3.11,0.03,-2.56,0.03,0.07,0.62,,,,,,,,,,0.00
mobley_2316618, c1ccc2c(c1)C(=O)c3cccc(c3C2=O)NCCO," 1-(2-hydroxyethylamino)-9,10-anthraquinone",-14.21,1.1,-13.6,0.05,-12.42,0.54,1.79,0.61,,,,,,,,,,3.20
mobley_664966, C(I)I, diiodomethane,-2.49,0.6,-1.88,0.02,-2.22,0.11,0.27,0.61,,,,,,,,,,0.07
mobley_3425174, C(F)Cl, chloro-fluoro-methane,-0.77,0.6,-0.17,0.02,-0.46,0.07,0.31,0.60,,,,,,,,,,0.10
mobley_2792521, CCC/C=C/C=O, (2E)-hex-2-enal,-3.68,0.6,-3.12,0.03,-4.99,0.06,1.31,0.56,,,,,,,,,,1.72
mobley_5263791, CCc1cccc2c1cccc2, 1-ethylnaphthalene,-2.4,0.6,-2.96,0.03,-1.36,0.11,1.04,0.56,,,,,,,,,,1.08
mobley_9209581, CN(C)C," N,N-dimethylmethanamine",-3.2,0.6,-2.64,0.02,-2.39,0.02,0.81,0.56,,,,,,,,,,0.66
mobley_6359156, c1ccc(cc1)c2cc(ccc2Cl)Cl," 1,4-dichloro-2-phenyl-benzene",-2.46,0.1,-1.9,0.04,-1.79,0.1,0.67,0.56,,,,,,,,,,0.45
mobley_8260524, CC#C, prop-1-yne,-0.48,0.6,0.07,0.02,-0.31,0.04,0.17,0.55,,,,,,,,,,0.03
mobley_2925352, Cc1ccc(cc1)O, p-cresol,-6.13,0.6,-5.58,0.03,-4.44,0.1,1.69,0.55,,,,,,,,,,2.86
mobley_7943327, CCC(=O)OCC, ethyl propanoate,-2.68,0.6,-3.22,0.03,-1.8,0.08,0.88,0.54,,,,,,,,,,0.77
mobley_8789864, COC(CC#N)(OC)OC," 3,3,3-trimethoxypropanenitrile",-6.4,0.6,-5.86,0.03,-6.05,0.23,0.35,0.54,,,,,,,,,,0.12
mobley_859464, CC(C)COC(=O)C, isobutyl acetate,-2.36,0.6,-2.9,0.03,-2.03,0.1,0.33,0.54,,,,,,,,,,0.11
mobley_3264884, c1ccc2cc(ccc2c1)N, naphthalen-2-amine,-7.47,0.6,-8,0.03,-5.41,0.1,2.06,0.53,,,,,,,,,,4.24
mobley_5665561, Cc1cc(c2ccccc2c1)C," 1,3-dimethylnaphthalene",-2.47,0.6,-3,0.03,-1.35,0.05,1.12,0.53,,,,,,,,,,1.25
mobley_1905088, c1ccc(cc1)CBr, benzyl bromide,-2.38,0.2,-1.85,0.03,-3.37,0.05,0.99,0.53,,,,,,,,,,0.98
mobley_2636578, C(CO[N+](=O)[O-])CO[N+](=O)[O-], 3-nitrooxypropyl nitrate,-4.8,0.39,-5.32,0.03,-4.05,0.1,0.75,0.52,,,,,,,,,,0.56
mobley_2972345, c1ccc2c(c1)Cc3ccccc3C2," 9,10-dihydroanthracene",-3.78,0.1,-4.3,0.04,-2.44,0.08,1.34,0.52,,,,,,,,,,1.80
mobley_3775790, Cn1cccc1, 1-methylpyrrole,-2.89,0.6,-2.37,0.02,-1.87,0.05,1.02,0.52,,,,,,,,,,1.04
mobley_1849020, CCOP(=S)(OCC)SCSc1ccc(cc1)Cl, 4-chlorophenyl)sulfanylmethylsulfanyl-diethoxy-thioxo-$l^{5}-phosphane,-6.5,0.83,-7.02,0.05,-8.75,0.13,2.25,0.52,,,,,,,,,,
mobley_4291494, c1ccnc(c1)Cl, 2-chloropyridine,-4.39,0.6,-3.87,0.03,-3.31,0.07,1.08,0.52,,,,,,,,,,1.17
mobley_7599023, c1ccc(cc1)Br, bromobenzene,-1.46,0.6,-0.95,0.03,-0.95,0.06,0.51,0.51,,,,,,,,,,0.26
mobley_3265457, COc1cc(c(c(c1O)OC)Cl)C=O, 2-chlorosyringaldehyde,-7.78,0.77,-8.29,0.06,-8.66,1.28,0.88,0.51,,,,,,,,,,0.77
mobley_3843583, c1ccc2c(c1)cccc2N, naphthalen-1-amine,-7.28,0.6,-7.78,0.03,-5.36,0.05,1.92,0.50,,,,,,,,,,3.69
mobley_2068538, CCC, propane,2,0.2,2.5,0.02,2.42,0.02,0.42,0.50,,,,,,,,,,0.18
mobley_7497999, CC(=O)c1ccccc1, 1-phenylethanone,-4.58,0.6,-5.08,0.03,-4.44,0.04,0.14,0.50,,,,,,,,,,0.02
mobley_4494568, Cc1ccc(cc1)Br, 1-bromo-4-methyl-benzene,-1.39,0.6,-0.89,0.03,-0.73,0.08,0.66,0.50,,,,,,,,,,0.44
mobley_4620651, COC(=O)C1CC1, methyl cyclopropanecarboxylate,-4.1,0.6,-3.6,0.03,-5.61,0.04,1.51,0.50,,,,,,,,,,2.28
mobley_3006808, C(C(F)(F)F)O," 2,2,2-trifluoroethanol",-4.31,0.6,-3.81,0.02,-3.05,0.04,1.26,0.50,,,,,,,,,,1.59
mobley_2501588, CCC[N@@](CC1CC1)c2c(cc(cc2[N+](=O)[O-])C(F)(F)F)[N+](=O)[O-], profluralin,-2.45,1.37,-1.96,0.04,-6.32,0.21,3.87,0.49,,,,,,,,,,14.98
mobley_1923244, CCCC, n-butane,2.1,0.2,2.59,0.02,2.57,0.05,0.47,0.49,,,,,,,,,,0.22
mobley_3690931, CCCC(=O)OCCC, propyl butanoate,-2.28,0.6,-2.75,0.03,-2.13,0.05,0.15,0.47,,,,,,,,,,0.02
mobley_6935906, CC(=CCC[C@](C)(C=C)OC(=O)C)C," (3R)-3,7-Dimethylocta-1,6-dien-3-yl acetate",-2.49,0.85,-2.96,0.04,-3.07,1.16,0.58,0.47,,,,,,,,,,0.34
mobley_2693089, CC(C)Cc1cnccn1, 2-isobutylpyrazine,-5.04,0.6,-5.5,0.03,-4.08,0.08,0.96,0.46,,,,,,,,,,0.92
mobley_3727287, C1=CC(=O)C=CC1=O, quinone,-6.5,0.2,-6.96,0.03,-7.13,0.02,0.63,0.46,,,,,,,,,,0.40
mobley_6688723, COc1c(cc(c(c1O)OC)Cl)Cl," 3,5-dichloro-2,6-dimethoxyphenol",-6.44,0.38,-5.98,0.04,-7.06,0.98,0.62,0.46,,,,,,,,,,0.38
mobley_430089, CCCC#C, pent-1-yne,0.01,0.6,0.47,0.02,0.34,0.03,0.33,0.46,,,,,,,,,,0.11
mobley_9055303, C, methane,2,0.2,2.45,0.01,2.42,0.05,0.42,0.45,,,,,,,,,,0.18
mobley_8006582, C1CCCC1, cyclopentane,1.2,0.6,1.65,0.02,1.6,0.07,0.40,0.45,,,,,,,,,,0.16
mobley_8713762, CCCN(CCC)C(=O)SCCC," N,N-dipropyl(propylsulfanyl)formamide",-4.13,1.36,-4.57,0.04,-4.95,0.37,0.82,0.44,,,,,,,,,,0.67
mobley_7417968, CCOCCOC(=O)C, 2-ethoxyethyl acetate,-5.31,0.1,-5.75,0.03,-5.36,0.05,0.05,0.44,,,,,,,,,,0.00
mobley_9121449, CCC#C, but-1-yne,-0.16,0.6,0.28,0.02,0.02,0.03,0.18,0.44,,,,,,,,,,0.03
mobley_8311321, C(F)(F)Cl, chloro-difluoro-methane,-0.5,0.6,-0.07,0.02,,,,0.43,,,,,,,,,,
mobley_486214, COc1cccc(c1O)OC," 2,6-dimethoxyphenol",-6.96,0.1,-7.39,0.04,-7.53,0.33,0.57,0.43,,,,,,,,,,0.32
mobley_4252724, CC(C)Cc1ccccc1, isobutylbenzene,0.16,0.6,-0.26,0.03,1.03,0.04,0.87,0.42,,,,,,,,,,0.76
mobley_6201330, CCCOC(=O)c1ccc(cc1)O, propyl paraben,-9.37,0.22,-8.95,0.04,-6.74,0.13,2.63,0.42,,,,,,,,,,6.92
mobley_6353617, CC(=O)c1cccnc1, 1-(3-pyridyl)ethanone,-8.26,0.6,-7.84,0.03,-7.93,0.15,0.33,0.42,,,,,,,,,,0.11
mobley_2771569, CN1CCNCC1, 1-methylpiperazine,-7.77,0.6,-8.17,0.03,-7.33,0.33,0.44,0.40,,,,,,,,,,0.19
mobley_7769613, CC(C)(C)Br, 2-bromo-2-methyl-propane,0.84,0.6,0.44,0.02,1.4,0.05,0.56,0.40,,,,,,,,,,0.31
mobley_2146331, C=O, formaldehyde,-2.75,0.6,-3.15,0.01,,,,0.40,,,,,,,,,,
mobley_9942801, CCc1ccc(cc1)C, 1-ethyl-4-methyl-benzene,-0.95,0.6,-0.57,0.03,0.4,0.05,1.35,0.38,,,,,,,,,,1.82
mobley_4613090, c1ccc(cc1)Cn2ccnc2, 1-benzylimidazole,-7.63,0.12,-8,0.03,-13.58,0.05,5.95,0.37,,,,,,,,,,35.40
mobley_5449201, CCCCC, n-pentane,2.3,0.2,2.67,0.02,2.74,0.07,0.44,0.37,,,,,,,,,,0.19
mobley_6812653, CCCCCC, hexane,2.48,0.6,2.85,0.03,2.92,0.07,0.44,0.37,,,,,,,,,,0.19
mobley_5445548, CC(C)c1ccccc1, cumene,-0.3,0.6,-0.67,0.03,0.54,0.04,0.84,0.37,,,,,,,,,,0.71
mobley_1875719, CCC(=O)CC, pentan-3-one,-3.41,0.2,-3.05,0.03,-3.1,0.05,0.31,0.36,,,,,,,,,,0.10
mobley_9114381, COC(=O)CC#N, methyl 2-cyanoacetate,-6.72,0.6,-6.36,0.03,-8.17,0.05,1.45,0.36,,,,,,,,,,2.10
mobley_5220185, CCc1cnccn1, 2-ethylpyrazine,-5.45,0.6,-5.81,0.03,-4.82,0.04,0.63,0.36,,,,,,,,,,0.40
mobley_8117218, C1[C@@H]2[C@H]3[C@@H]([C@H]1[C@H]4[C@@H]2O4)[C@@]5(C(=C([C@]3(C5(Cl)Cl)Cl)Cl)Cl)Cl, endrin,-4.82,0.1,-5.18,0.04,,,,0.36,,,,,,,,,,
mobley_4149784, c1cc2c(cc1Cl)Oc3ccc(cc3O2)Cl," 2,7-dichlorodibenzo-p-dioxin",-3.67,0.12,-3.32,0.04,-2.43,0.04,1.24,0.35,,,,,,,,,,1.54
mobley_1881249, CCCC(=O)C, pentan-2-one,-3.52,0.6,-3.17,0.03,-3.31,0.04,0.21,0.35,,,,,,,,,,0.04
mobley_1987439, Cc1cc(cc(c1)C)C, mesitylene,-0.9,0.6,-0.55,0.03,0.54,0.07,1.44,0.35,,,,,,,,,,2.07
mobley_1615431, CC(C)OC(C)C, 2-isopropoxypropane,-0.53,0.6,-0.18,0.03,-0.28,0.15,0.25,0.35,,,,,,,,,,0.06
mobley_3370989, CC(F)F," 1,1-difluoroethane",-0.11,0.6,0.23,0.02,0.46,0.02,0.57,0.34,,,,,,,,,,0.32
mobley_4609460, CCOC(=O)c1ccc(cc1)O, ethyl paraben,-9.2,0.3,-9.54,0.04,-6.96,0.05,2.24,0.34,,,,,,,,,,5.02
mobley_8798016, c1cnccc1C=O, pyridine-4-carbaldehyde,-7,0.6,-7.34,0.03,-7.36,0.06,0.36,0.34,,,,,,,,,,0.13
mobley_3452749, Cc1cccc(c1C)C," 1,2,3-trimethylbenzene",-1.21,0.6,-0.88,0.03,0.29,0.07,1.50,0.33,,,,,,,,,,2.25
mobley_6232400, c1cc(cnc1)C=O, pyridine-3-carbaldehyde,-7.1,0.6,-7.42,0.03,-7.04,0.06,0.06,0.32,,,,,,,,,,0.00
mobley_7106722, CCCC(C)C, isohexane,2.51,0.6,2.81,0.03,2.99,0.11,0.48,0.30,,,,,,,,,,0.23
mobley_5747981, COCC(OC)(OC)OC," 1,1,1,2-tetramethoxyethane",-5.73,0.6,-5.44,0.04,-4.04,0.37,1.69,0.29,,,,,,,,,,2.86
mobley_4059279, CN1CCN(CC1)C," 1,4-dimethylpiperazine",-7.58,0.6,-7.87,0.03,-6.64,0.44,0.94,0.29,,,,,,,,,,0.88
mobley_3867265, CC(=O)C, acetone,-3.8,0.6,-3.51,0.02,-4.37,0.04,0.57,0.29,,,,,,,,,,0.32
mobley_3083321, COCOC, dimethoxymethane,-2.93,0.2,-3.22,0.04,-2.73,0.05,0.20,0.29,,,,,,,,,,0.04
mobley_6632459, CCC=O, propanal,-3.43,0.6,-3.15,0.02,-2.66,0.04,0.77,0.28,,,,,,,,,,0.59
mobley_3318135, CCCCC(=O)CCCC, nonan-5-one,-2.64,0.6,-2.36,0.03,-2.27,0.1,0.37,0.28,,,,,,,,,,0.14
mobley_4694328, CCCCCCCC=O, octanal,-2.29,0.6,-2.57,0.03,-0.92,0.1,1.37,0.28,,,,,,,,,,1.88
mobley_2295058, COC(=O)c1ccc(cc1)O, methyl paraben,-9.51,0.26,-9.79,0.03,-7.62,0.05,1.89,0.28,,,,,,,,,,3.57
mobley_5631798, N, ammonia,-4.29,0.6,-4.02,0.01,,,,0.27,,,,,,,,,,
mobley_2689721, C1CCCCC1, cyclohexane,1.23,0.6,1.5,0.02,1.92,0.01,0.69,0.27,,,,,,,,,,0.48
mobley_2487143, CCCCC(=O)C, hexan-2-one,-3.28,0.6,-3.01,0.03,-3.19,0.01,0.09,0.27,,,,,,,,,,0.01
mobley_3715043, Cc1ccc(c2c1cccc2)C," 1,4-dimethylnaphthalene",-2.82,0.6,-3.08,0.03,-1.31,0.04,1.51,0.26,,,,,,,,,,2.28
mobley_7047032, CC(C)(C)Cl, 2-chloro-2-methyl-propane,1.09,0.6,0.83,0.02,1.59,0.05,0.50,0.26,,,,,,,,,,0.25
mobley_5026370, c1cnccc1C#N, pyridine-4-carbonitrile,-6.02,0.6,-5.76,0.03,-8.27,0.05,2.25,0.26,,,,,,,,,,5.06
mobley_3663158, c1ccc2cc(ccc2c1)O, naphthalen-2-ol,-8.11,0.6,-7.85,0.03,-5.93,0.08,2.18,0.26,,,,,,,,,,4.75
mobley_8614858, CCCCCCC, heptane,2.67,0.6,2.92,0.03,3.09,0.11,0.42,0.25,,,,,,,,,,0.18
mobley_2183616, CC[C@H](C)c1ccccc1, sec-butylbenzene,-0.45,0.6,-0.22,0.03,0.94,0.1,1.39,0.23,,,,,,,,,,1.93
mobley_7732703, C(F)(F)(F)Br, bromo-trifluoro-methane,1.79,0.6,1.56,0.02,,,,0.23,,,,,,,,,,
mobley_5110043, Cc1ccc2cc(ccc2c1)C," 2,6-dimethylnaphthalene",-2.63,0.6,-2.85,0.03,-1.4,0.02,1.23,0.22,,,,,,,,,,1.51
mobley_2390199, CCCC(=O)CCC, heptan-4-one,-2.92,0.6,-2.7,0.03,-2.66,0.04,0.26,0.22,,,,,,,,,,0.07
mobley_1803862, CCC(C)C, isopentane,2.38,0.6,2.59,0.02,2.87,0.11,0.49,0.21,,,,,,,,,,0.24
mobley_349850, Cc1ccc(cc1)C(=O)C, 1-(p-tolyl)ethanone,-4.7,0.6,-4.91,0.03,-4.25,0.07,0.45,0.21,,,,,,,,,,0.20
mobley_6733657, C1[C@H]([C@@H]2[C@H]([C@H]1Cl)[C@]3(C(=C([C@@]2(C3(Cl)Cl)Cl)Cl)Cl)Cl)Cl, chlordane,-3.44,0.1,-3.23,0.04,,,,0.21,-6.403333,,,,,,,,,
mobley_2279874, COC(OC)OC, trimethoxymethane,-4.42,0.6,-4.62,0.03,-3.49,0.07,0.93,0.20,,,,,,,,,,0.86
mobley_3187514, Cc1ccccc1N, 2-methylaniline,-5.53,0.6,-5.33,0.03,-4.84,0.04,0.69,0.20,,,,,,,,,,0.48
mobley_9139060, CC1CCC(CC1)C," 1,4-dimethylcyclohexane",2.11,0.6,1.92,0.03,2.6,0.03,0.49,0.19,,,,,,,,,,0.24
mobley_5852491, CC1CCCC1, methylcyclopentane,1.59,0.6,1.78,0.02,1.96,0.08,0.37,0.19,,,,,,,,,,0.14
mobley_252413, CCCC(C)(C)C," 2,2-dimethylpentane",2.88,0.6,2.69,0.03,2.99,0.1,0.11,0.19,,,,,,,,,,0.01
mobley_2484519, c1ccc(cc1)CCl, benzyl chloride,-1.93,0.2,-1.74,0.03,-2.02,0.04,0.09,0.19,,,,,,,,,,0.01
mobley_9717937, c1ccc(cc1)c2ccccc2Cl, 1-chloro-2-phenyl-benzene,-2.69,0.1,-2.51,0.03,-1.43,0.06,1.26,0.18,,,,,,,,,,1.59
mobley_6929123, COC(=O)CCl, methyl 2-chloroacetate,-4,0.6,-3.82,0.02,-4.51,0.04,0.51,0.18,,,,,,,,,,0.26
mobley_8127829, CCc1ccccc1, ethylbenzene,-0.79,0.6,-0.61,0.03,0.15,0.07,0.94,0.18,,,,,,,,,,0.88
mobley_547634, Cc1cc2ccccc2cc1C," 2,3-dimethylnaphthalene",-2.78,0.6,-2.95,0.03,-1.54,0.01,1.24,0.17,,,,,,,,,,1.54
mobley_8191186, C(C(F)(F)F)Cl," 2-chloro-1,1,1-trifluoro-ethane",0.06,0.6,0.23,0.02,-1.07,0.04,1.13,0.17,,,,,,,,,,1.28
mobley_2197088, CCCCCCCCCC, decane,3.16,0.6,3.33,0.03,3.81,0.01,0.65,0.17,,,,,,,,,,0.42
mobley_2328633, CCCCCC1CCCC1, pentylcyclopentane,2.55,0.6,2.38,0.03,2.68,0.15,0.13,0.17,,,,,,,,,,0.02
mobley_2859600, C=Cc1ccccc1, styrene,-1.24,0.6,-1.08,0.03,-0.98,0.05,0.26,0.16,,,,,,,,,,0.07
mobley_7688753, c1cc(cc(c1)O)C=O, 3-hydroxybenzaldehyde,-9.52,1.9,-9.37,0.03,-7.72,0.09,1.80,0.15,,,,,,,,,,3.24
mobley_902954, CCCCO[N+](=O)[O-], butyl nitrate,-2.09,0.1,-1.94,0.03,-0.57,0.09,1.52,0.15,,,,,,,,,,2.31
mobley_8337722, C[C@@H]1CC[C@H]([C@@H](C1)O)C(C)C," (1R,2S,5R)-2-isopropyl-5-methylcyclohexanol",-3.2,0.28,-3.35,0.04,-2.43,0.34,0.77,0.15,,,,,,,,,,0.59
mobley_8573194, CCCC=O, butanal,-3.18,0.6,-3.04,0.02,-1.64,0.05,1.54,0.14,,,,,,,,,,2.37
mobley_3525176, CCCCCc1ccccc1, pentylbenzene,-0.23,0.6,-0.09,0.02,0.93,0.09,1.16,0.14,,,,,,,,,,1.35
mobley_3234716, Cc1ccc(cc1)C, p-xylene,-0.8,0.6,-0.66,0.03,0.34,0.02,1.14,0.14,,,,,,,,,,1.30
mobley_4561957, CC(C)C(C)C," 2,3-dimethylbutane",2.34,0.6,2.47,0.03,2.95,0.07,0.61,0.13,,,,,,,,,,0.37
mobley_1967551, CC=O, acetaldehyde,-3.5,0.6,-3.37,0.02,-2.73,0.04,0.77,0.13,,,,,,,,,,0.59
mobley_4690963, CCOCCOCC," 1,2-diethoxyethane",-3.54,0.6,-3.42,0.04,-3.08,0.14,0.46,0.12,,,,,,,,,,0.21
mobley_5346580, CC(=O)C(C)(C)C," 3,3-dimethylbutan-2-one",-3.11,0.6,-3.23,0.03,-2.9,0.13,0.21,0.12,,,,,,,,,,0.04
mobley_9407874, CCCCCCC(=O)C, octan-2-one,-2.88,0.6,-2.76,0.03,-2.74,0.08,0.14,0.12,,,,,,,,,,0.02
mobley_8522124, CCCCCCC#C, oct-1-yne,0.71,0.6,0.83,0.03,0.34,0.08,0.37,0.12,,,,,,,,,,0.14
mobley_4013838, CC(C)C(=O)C(C)C," 2,4-dimethylpentan-3-one",-2.74,0.6,-2.63,0.03,-6.27,0.05,3.53,0.11,,,,,,,,,,12.46
mobley_5627459, CC(C)C=O, 2-methylpropanal,-2.86,0.6,-2.97,0.02,-2.16,0.09,0.70,0.11,,,,,,,,,,0.49
mobley_1873346, Cc1ccccc1, toluene,-0.9,0.2,-0.79,0.03,0.04,0.06,0.94,0.11,,,,,,,,,,0.88
mobley_4715906, C[C@@H]1CCCC[C@@H]1C," 1,2-dimethylcyclohexane",1.58,0.6,1.69,0.03,2.37,0.02,0.79,0.11,,,,,,,,,,0.62
mobley_4177472, CC(C)C(C)C(C)C," 2,3,4-trimethylpentane",2.56,0.6,2.67,0.03,3.16,0.09,0.60,0.11,,,,,,,,,,0.36
mobley_2043882, CC(=O)C1CCCCC1, 1-cyclohexylethanone,-3.9,0.6,-4,0.03,-5.17,0.06,1.27,0.10,,,,,,,,,,1.61
mobley_8668219, CC[C@@H](C)C(C)C," 2,3-dimethylpentane",2.52,0.6,2.62,0.03,3.08,0.07,0.56,0.10,,,,,,,,,,0.31
mobley_3573480, CCCCCC(=O)C, heptan-2-one,-3.04,0.6,-2.94,0.03,-2.9,0.08,0.14,0.10,,,,,,,,,,0.02
mobley_8492526, CCCCC=O, pentanal,-3.03,0.6,-2.93,0.03,-1.51,0.07,1.52,0.10,,,,,,,,,,2.31
mobley_4375719, CCCCCCCCC, nonane,3.13,0.6,3.22,0.03,3.66,0.13,0.53,0.09,,,,,,,,,,0.28
mobley_3040612, CCc1ccccc1C, 1-ethyl-2-methylbenzene,-0.85,0.1,-0.76,0.03,0.39,0.12,1.24,0.09,,,,,,,,,,1.54
mobley_3053621, c1ccccc1, benzene,-0.9,0.2,-0.81,0.02,-0.2,0.03,0.70,0.09,,,,,,,,,,0.49
mobley_755351, COc1cccc(c1)N, 3-methoxyaniline,-7.29,0.6,-7.2,0.03,-5.66,0.06,1.63,0.09,,,,,,,,,,2.66
mobley_5282042, CN(C)CCC=C1c2ccccc2CCc3c1cccc3, Amitriptyline,-7.43,0.6,-7.35,0.05,-5.01,0.46,2.42,0.08,,,,,,,,,,5.86
mobley_5518547, Cc1ccc(cc1)N, 4-methylaniline,-5.57,0.6,-5.49,0.03,-3.84,0.07,1.73,0.08,,,,,,,,,,2.99
mobley_3572203, CCCCCOC(=O)CC, pentyl propanoate,-2.11,0.6,-2.18,0.03,-1.1,0.06,1.01,0.07,,,,,,,,,,1.02
mobley_8436428, CC(C)CC(C)C," 2,4-dimethylpentane",2.83,0.6,2.76,0.03,3.47,0.1,0.64,0.07,,,,,,,,,,0.41
mobley_8337977, CC(C)CC(=O)C, 4-methylpentan-2-one,-3.05,0.6,-3.12,0.03,-2.97,0.04,0.08,0.07,,,,,,,,,,0.01
mobley_3169935, c1ccc(c(c1)N)Cl, 2-chloroaniline,-4.91,0.6,-4.85,0.03,-3.57,0.06,1.34,0.06,,,,,,,,,,1.80
mobley_588781, CCCCCCc1ccccc1, hexylbenzene,-0.04,0.6,-0.1,0.04,1.18,0.05,1.22,0.06,,,,,,,,,,1.49
mobley_6102880, c1ccc(cc1)Oc2ccccc2, diphenyl ether,-2.87,0.69,-2.81,0.03,-2.2,0.19,0.67,0.06,,,,,,,,,,0.45
mobley_3183805, Cc1ccc(c(c1)C)C," 1,2,4-trimethylbenzene",-0.86,0.6,-0.8,0.03,0.37,0.05,1.23,0.06,,,,,,,,,,1.51
mobley_3802803, CCCCCCO[N+](=O)[O-], hexyl nitrate,-1.66,0.1,-1.6,0.02,-0.25,0.11,1.41,0.06,,,,,,,,,,1.99
mobley_6896128, CCCC[C@@H](C)CC, 3-methylheptane,2.97,0.6,3.03,0.03,3.38,0.08,0.41,0.06,,,,,,,,,,0.17
mobley_7375018, CCCCCCCCCC(=O)C, undecan-2-one,-2.15,0.6,-2.2,0.04,-2.18,0.14,0.03,0.05,,,,,,,,,,0.00
mobley_9478823, Cc1ccccc1C, o-xylene,-0.9,0.6,-0.85,0.03,0.17,0.05,1.07,0.05,,,,,,,,,,1.14
mobley_6794076, CC(=O)c1ccncc1, 1-(4-pyridyl)ethanone,-7.62,0.6,-7.57,0.03,-8.67,0.09,1.05,0.05,,,,,,,,,,1.10
mobley_7869158, CC[C@H](C)O[N+](=O)[O-], [(2S)-butan-2-yl] nitrate,-1.82,0.1,-1.86,0.03,-0.48,0.32,1.34,0.04,,,,,,,,,,1.80
mobley_49274, CCCCCC#C, hept-1-yne,0.6,0.6,0.64,0.03,0.11,0.04,0.49,0.04,,,,,,,,,,0.24
mobley_4043987, CCCCC(C)C, 2-methylhexane,2.93,0.6,2.89,0.03,3.24,0.14,0.31,0.04,,,,,,,,,,0.10
mobley_6250025, CCCCCCI, 1-iodohexane,0.08,0.6,0.04,0.03,0.12,0.13,0.04,0.04,,,,,,,,,,0.00
mobley_4759887, CCCCCCCI, 1-iodoheptane,0.27,0.6,0.23,0.03,0.29,0.13,0.02,0.04,,,,,,,,,,0.00
mobley_2607611, CCCCCCOC(=O)C, hexyl acetate,-2.26,0.6,-2.22,0.03,-2.04,0.11,0.22,0.04,,,,,,,,,,0.05
mobley_7859387, CCCCCCC=O, heptanal,-2.67,0.6,-2.7,0.03,-1.1,0.09,1.57,0.03,,,,,,,,,,2.46
mobley_4934872, CCOC(OCC)Oc1ccccc1, diethoxymethoxybenzene,-5.23,0.6,-5.2,0.04,-3.69,0.13,1.54,0.03,,,,,,,,,,2.37
mobley_2609604, CCC(C)(C)CC," 3,3-dimethylpentane",2.56,0.6,2.59,0.03,2.8,0.07,0.24,0.03,,,,,,,,,,0.06
mobley_2763835, CCOc1ccccc1, ethoxybenzene,-2.22,0.6,-2.25,0.03,-2,0.06,0.22,0.03,,,,,,,,,,0.05
mobley_6416775, CCCC1CCCC1, propylcyclopentane,2.13,0.6,2.1,0.03,2.29,0.11,0.16,0.03,,,,,,,,,,0.03
mobley_6430250, CCCc1ccccc1, propylbenzene,-0.53,0.6,-0.51,0.03,0.54,0.05,1.07,0.02,,,,,,,,,,1.14
mobley_1733799, c1cc(ccc1O)Br, 4-bromophenol,-5.85,0.83,-5.83,0.03,-5.6,0.08,0.25,0.02,,,,,,,,,,0.06
mobley_5890803, CCCOC(=O)CC, propyl propanoate,-2.44,0.6,-2.45,0.03,-1.62,0.07,0.82,0.01,,,,,,,,,,0.67
mobley_5935995, CCC(C)(C)C," 2,2-dimethylbutane",2.51,0.6,2.5,0.03,2.68,0.05,0.17,0.01,,,,,,,,,,0.03
mobley_4683624, CCCc1ccc(cc1)O, 4-propylphenol,-5.21,0.69,-5.21,0.03,-3.82,0.07,1.39,0.00,,,,,,,,,,1.93
,,,,,,,,,,,,,,,,,,,,
,,,,,,,,,,,,,,,,,,,,1.88
